JINA_ID,Ref,Name,Simbad_Identifier,Fe/H,C/H
8,FUL04,Draco119,[BS61]_119,'-2.93,'-3.25
12,COH09,DracoXI-2,[BSS2004]_Draco_J171917.5+580107.5,'-2.04,'-2.67
17,FRA16,BooII-15,[KWK2009]_15,'-2.98,'-3.01
18,JI16a,J135751.2+125137.0,[KWK2009]_15,'-2.86,'-2.46
19,FRA16,BooII-7,[KWK2009]_7,'-3.08,'-3.25
20,JI16a,J135801.4+125105.2,[KWK2009]_7,'-2.87,'-2.37
21,JI16a,J135759.7+125426.4,[KWK2009]_9,'-2.63,'-2.31
34,LAI07,CS22957-022,2MASS_J00014549-0549465,'-3.02,'-2.59
35,LAI08,CS22957-022,2MASS_J00014549-0549465,'-2.92,'-2.68
36,ROE14b,CS22957-022,2MASS_J00014549-0549465,'-3.28,'-3.11
37,ROE10,CS22876-040,2MASS_J00045244-3413372,'-2.34,<-1.64
38,ROE14b,CS22876-040,2MASS_J00045244-3413372,'-2.47,<-2.08
40,LI15a,LAMOSTJ0006+1057,2MASS_J00061720+1057419,'-3.26,'-3.58
41,BAR05,HE0005-0002,2MASS_J00080677+0014089,'-3.06,'-2.93
42,REN12,HE0005-0002,2MASS_J00080677+0014089,'-3.09,'-2.8
43,BAR05,CS31060-047,2MASS_J00080780-1554038,'-2.72,'-3.02
44,ALL12,CS31070-073,2MASS_J00085182+0526171,'-2.55,'-1.21
45,COH04,HE0007-1832,2MASS_J00095277-1816124,'-2.7,'-0.14
46,COH13,HE0007-1832,2MASS_J00095277-1816124,'-2.79,'-0.01
47,BAR05,HE0008-3842,2MASS_J00105603-3826100,'-3.33,'-4.26
48,HAN15,HE0010-3422,2MASS_J00130901-3405548,'-2.78,'-0.86
49,LAI07,CS31070-058,2MASS_J00143392+0551447,'-2.29,'-2.01
50,COH06,HE0012-1441,2MASS_J00152706-1424376,'-2.57,'-0.77
51,COH13,HE0012-1441,2MASS_J00152706-1424376,'-2.52,'-0.81
52,HOL11,HE0013-0257,2MASS_J00160423-0241052,'-3.82,'-3.6
53,HOL11,HE0013-0522,2MASS_J00162809-0505519,'-3.24,'-2.82
54,ROE14b,CS30339-015,2MASS_J00165810-3348175,'-3.0,'-2.52
55,HOL11,HE0015+0048,2MASS_J00180143+0105081,'-3.08,'-2.46
56,BAR05,HE0017-4838,2MASS_J00194832-4821236,'-3.23,'-3.56
57,PRE06,CS22882-001,2MASS_J00202529-3139040,'-2.49,'-2.43
58,ROE14b,CS22882-001,2MASS_J00202529-3139040,'-2.62,<-1.93
62,BON09,BS17570-063,2MASS_J00203619+2347376,'-2.92,'-2.4
65,BAR05,HE0018-1349,2MASS_J00205238-1332296,'-2.27,'-1.94
66,ROE14b,CS22882-006,2MASS_J00215986-2929265,'-2.94,'-2.75
67,ROE14b,CS30339-052,2MASS_J00225014-3407207,'-2.69,'-2.0
68,BAR05,CS30339-0041,2MASS_J00231293-3701267,'-2.21,'-2.66
70,ROE14b,CS30339-046,2MASS_J00252167-3630244,'-2.71,<-0.08
71,BAR05,HE0023-4825,2MASS_J00255030-4808270,'-2.06,'-1.79
72,REN12,HE0023-4825,2MASS_J00255030-4808270,'-2.06,'-1.63
74,LUC03,HE0024-2523,2MASS_J00272766-2506281,'-2.72,'-0.03
75,BAR05,CS29497-004,2MASS_J00280692-2603042,'-2.81,'-2.63
76,CHR04,CS29497-004,2MASS_J00280692-2603042,'-2.68,'-2.57
77,REN12,CS29497-004,2MASS_J00280692-2603042,'-2.81,'-2.47
79,BON09,CS30339-069,2MASS_J00301595-3556512,'-3.08,'-2.4
80,ROE14b,CS30339-069,2MASS_J00301595-3556512,'-3.5,<-2.43
82,ROE14b,CS22882-030,2MASS_J00302004-3020584,'-3.47,<-2.93
83,ROE14b,CS22882-012,2MASS_J00302250-2735272,'-2.76,'-1.65
84,AOK02d,CS31062-050,2MASS_J00303106-1205108,'-2.31,'-0.22
86,LAI07,CS31062-050,2MASS_J00303106-1205108,'-2.65,'-0.82
87,BAR05,HE0029-1839,2MASS_J00320775-1822368,'-2.5,'-2.22
88,REN12,HE0029-1839,2MASS_J00320775-1822368,'-2.5,'-2.07
89,AOK07a,CS31062-041,2MASS_J00350301-1554292,'-2.42,'-1.83
90,BAR05,CS31062-041,2MASS_J00350301-1554292,'-2.68,'-2.23
91,AOK08,SDSS0036-10,2MASS_J00360218-1043362,'-2.46,'-0.13
92,BAR05,HE0037-2657,2MASS_J00395177-2641320,'-3.22,'-2.95
95,BAR05,HE0043-2845,2MASS_J00455594-2829172,'-2.91,'-2.75
96,REN12,HE0043-2845,2MASS_J00455594-2829172,'-2.91,'-2.6
97,BAR05,HE0044-4023,2MASS_J00462937-4007226,'-2.56,'-2.2
98,BAR05,HE0044-2459,2MASS_J00463587-2443022,'-3.28,'-2.87
99,ROE14b,CS22942-002,2MASS_J00463587-2443022,'-3.61,'-3.26
101,BAR05,HE0049-5700,2MASS_J00520684-5644374,'-2.4,'-2.05
102,YON13,HE0049-3948,2MASS_J00521335-3932368,'-3.68,<-1.87
103,BAR05,HE0051-2304,2MASS_J00535152-2247539,'-2.44,'-3.12
104,REN12,HE0051-2304,2MASS_J00535152-2247539,'-2.41,'-2.93
105,ROE14b,CS22942-011,2MASS_J00541299-2504338,'-2.88,'-2.6
106,BAR05,HE0054-0657,2MASS_J00572078-0640593,'-2.0,'-1.75
107,REN12,HE0054-0657,2MASS_J00572078-0640593,'-2.0,'-1.59
108,LAI07,CS22166-016,2MASS_J00582384-1447068,'-2.47,'-2.09
109,ROE14b,CS22166-016,2MASS_J00582384-1447068,'-3.22,'-3.08
110,SKU15,ET0097,2MASS_J00591209-3346208,'-2.03,'-1.43
113,BAR05,HE0057-4541,2MASS_J00595927-4524534,'-2.31,'-2.17
114,SIQ14,HE0057-4541,2MASS_J00595927-4524534,'-2.34,'-1.85
121,FRE10a,S1020549,2MASS_J01004785-3341029,'-3.81,<-3.65
122,ALL12,CS22183-015,2MASS_J01005303-0228200,'-2.85,'-0.39
123,COH06,HE0058-0244,2MASS_J01005303-0228200,'-2.8,'-0.67
124,COH13,CS22183-015,2MASS_J01005303-0228200,'-2.76,'-0.71
125,LAI07,CS22183-015,2MASS_J01005303-0228200,'-3.17,'-0.94
126,MAS12,CS22183-015,2MASS_J01005303-0228200,'-2.92,'-0.53
129,CAY04,CS22953-003,2MASS_J01021585-6143458,'-2.85,'-2.45
130,MCW95,CS22953-003,2MASS_J01021585-6143458,'-2.79,'-2.33
131,ROE14b,CS22953-003,2MASS_J01021585-6143458,'-3.13,'-2.9
135,HAN15,HE0100-1622,2MASS_J01025848-1606309,'-2.93,'-0.18
136,ROE14b,CS22942-035,2MASS_J01035747-2352452,'-3.08,'-2.86
138,YON13,HE0102-1213,2MASS_J01052796-1157310,'-3.28,<-1.97
139,BAR05,HE0104-5300,2MASS_J01065190-5244105,'-3.31,'-3.36
140,BAR05,HE0104-4007,2MASS_J01065601-3951512,'-3.3,'-2.84
141,BAR05,HE0105-6141,2MASS_J01073782-6125176,'-2.55,'-2.39
142,REN12,HE0105-6141,2MASS_J01073782-6125176,'-2.55,'-2.23
143,SIQ14,HE0105-6141,2MASS_J01073782-6125176,'-2.56,'-2.33
145,HON04,CS22183-031,2MASS_J01090507-0443211,'-2.92,'-2.38
146,LAI07,CS22183-031,2MASS_J01090507-0443211,'-2.71,'-2.23
147,ROE14b,CS22183-031,2MASS_J01090507-0443211,'-3.57,'-3.2
149,ROE14b,CS29514-017,2MASS_J01094480-2616549,'-2.35,'-2.48
153,BAR05,HE0109-0742,2MASS_J01114706-0726321,'-2.52,'-2.71
154,HAN15,HE0109-4510,2MASS_J01120810-4454165,'-2.96,'-2.53
158,BAR05,HE0111-1454,2MASS_J01134908-1438231,'-2.99,'-3.25
163,ROE14b,CS29514-037,2MASS_J01214169-2703312,'-2.62,'-2.43
164,BAR05,HE0121-2826,2MASS_J01233713-2810280,'-2.97,'-2.46
165,REN12,HE0121-2826,2MASS_J01233713-2810280,'-2.97,'-2.31
168,CAY04,CS29518-051,2MASS_J01241001-2815210,'-2.65,'-2.73
171,AOK08,SDSS0126+06,2MASS_J01261795+0607248,'-3.16,'-0.23
172,AOK13,SDSSJ012617.95+060724.8,2MASS_J01261795+0607248,'-3.01,0.07
173,LI15a,LAMOSTJ0126+0135,2MASS_J01265856+0135153,'-3.57,'-4.08
174,ROE14b,CS29504-006,2MASS_J01320497-3622429,'-3.12,'-1.53
175,BAR05,HE0131-2740,2MASS_J01332576-2725279,'-3.08,'-2.77
176,BAR05,HE0131-3953,2MASS_J01333645-3937519,'-2.68,'-0.27
177,HAN15,HE0134-1519,2MASS_J01370537-1504227,'-3.98,'-2.98
178,HAN14,HE0134-1519,2MASS_J01370537-1504227,'-3.98,'-2.86
179,BAR05,HE0143-4146,2MASS_J01451803-4131464,'-2.95,'-2.88
180,BAR05,HE0143-4108,2MASS_J01451993-4053363,'-2.62,'-2.5
181,COH04,HE0143-0441,2MASS_J01453792-0426434,'-2.21,'-0.54
182,COH06,HE0143-0441,2MASS_J01453792-0426434,'-2.36,'-0.17
183,COH13,HE0143-0441,2MASS_J01453792-0426434,'-2.31,'-0.21
184,BAR05,HE0143-1135,2MASS_J01461033-1120107,'-2.13,'-1.94
185,REN12,HE0143-1135,2MASS_J01461033-1120107,'-2.13,'-1.78
186,YON13,HE0146-1548,2MASS_J01483472-1533243,'-3.46,'-2.62
187,BAR05,HE0157-3335,2MASS_J02000022-3321220,'-3.08,'-3.34
188,ROE14a,CS22958-042,2MASS_J02010743-5716588,'-3.4,'-0.84
189,ROE14b,CS22958-042,2MASS_J02010743-5716588,'-3.4,'-0.84
190,SIV06,CS22958-042,2MASS_J02010743-5716588,'-2.85,0.27
191,BAR05,HE0200-0955,2MASS_J02031620-0940488,'-2.47,'-2.09
192,JAC15,2MASS_J02031860-7930291,2MASS_J02031860-7930291,'-3.03,'-3.55
194,AOK07a,HE0206-1916,2MASS_J02091962-1901554,'-2.14,'-0.03
195,YON13,HE0207-1423,2MASS_J02100069-1409110,'-2.95,'-0.57
196,COH06,HE0212-0557,2MASS_J02150250-0543235,'-2.32,'-0.37
197,COH13,HE0212-0557,2MASS_J02150250-0543235,'-2.27,'-0.41
198,BAR05,CS22958-083,2MASS_J02154272-5359561,'-2.79,'-2.19
199,PRE06,CS22958-083,2MASS_J02154272-5359561,'-2.97,'-2.26
200,ROE14b,CS22958-083,2MASS_J02154272-5359561,'-3.05,'-2.52
201,BAR05,CS22175-007,2MASS_J02172662-0900451,'-2.81,'-2.66
202,REN12,CS22175-007,2MASS_J02172662-0900451,'-2.81,'-2.5
204,BAR05,CS29510-058,2MASS_J02214656-2401586,'-2.61,'-2.25
205,LAI07,CS29510-058,2MASS_J02214656-2401586,'-2.51,'-1.88
206,REN12,CS29510-058,2MASS_J02214656-2401586,'-2.61,'-2.09
207,ALL12,CS29528-028,2MASS_J02282654-2133009,'-2.12,0.68
208,AOK07a,CS29528-028,2MASS_J02282654-2133009,'-2.91,'-0.13
210,BAR05,HE0231-4016,2MASS_J02334439-4003428,'-2.08,'-0.76
211,HAN15,HE0233-0343,2MASS_J02362978-0330060,'-4.68,'-1.2
212,HAN14,HE0233-0343,2MASS_J02362978-0330060,'-4.68,'-1.08
214,BON09,CS31061-032,2MASS_J02384329+0319024,'-2.58,'-1.9
220,CAY04,CS22189-009,2MASS_J02414237-1328105,'-3.49,'-3.09
221,MCW95,CS22189-009,2MASS_J02414237-1328105,'-3.42,'-3.23
222,ROE14b,CS22189-009,2MASS_J02414237-1328105,'-3.92,'-3.62
225,BAR05,HE0240-6105,2MASS_J02420609-6053031,'-3.23,'-3.52
226,BAR05,HE0240-0807,2MASS_J02425772-0754354,'-2.68,'-3.06
227,REN12,HE0240-0807,2MASS_J02425772-0754354,'-2.68,'-2.91
228,SIQ14,HE0240-0807,2MASS_J02425772-0754354,'-2.86,'-3.23
229,HAN15,HE0243-3044,2MASS_J02451642-3032022,'-2.58,'-0.15
230,BAR05,HE0243-5238,2MASS_J02453619-5225577,'-3.04,'-2.68
231,BAR05,HE0244-4111,2MASS_J02455745-4059068,'-2.56,'-2.35
232,BAR05,HE0243-0753,2MASS_J02461415-0740531,'-2.49,'-2.24
233,BAR05,HE0248+039,2MASS_J02505905+0051313,'-2.53,'-2.47
234,LAI07,CS22963-004,2MASS_J02564657-0451174,'-3.03,<-2.9
235,LAI08,CS22963-004,2MASS_J02564657-0451174,'-3.41,'-2.93
236,ROE14b,CS22963-004,2MASS_J02564657-0451174,'-4.09,'-3.58
237,BAR05,HE0256-1109,2MASS_J02591016-1058019,'-2.73,'-2.1
238,LAI07,CS31078-018,2MASS_J03010069+0616318,'-3.02,'-2.29
239,LAI08,CS31078-018,2MASS_J03010069+0616318,'-2.83,'-2.38
240,BAR05,HE0300-0751,2MASS_J03030406-0739423,'-2.27,'-2.21
241,REN12,HE0300-0751,2MASS_J03030406-0739423,'-2.27,'-2.05
244,CAY04,CS22968-014,2MASS_J03062950-5430325,'-3.57,'-3.22
245,COH13,HE0305-5442,2MASS_J03062950-5430325,'-3.3,'-2.91
246,MCW95,CS22968-014,2MASS_J03062950-5430325,'-3.39,'-3.18
247,ROE14b,CS22968-014,2MASS_J03062950-5430325,'-3.99,'-3.6
251,BAR05,HE0305-4520,2MASS_J03070219-4509006,'-2.91,'-2.63
252,SPI14,HE0305-4520,2MASS_J03070219-4509006,'-2.96,'-2.41
254,BAR05,HE0308-1154,2MASS_J03110972-1143212,'-2.82,'-2.48
257,CAY04,CS22172-002,2MASS_J03142084-1035112,'-3.86,'-3.77
258,NOR01,CS22172-002,2MASS_J03142084-1035112,'-3.61,'-3.27
262,LAI07,CS22185-007,2MASS_J03173604-1517227,'-2.45,'-2.07
263,ROE14b,CS22185-007,2MASS_J03173604-1517227,'-3.06,'-2.9
264,BAR05,HE0315+0000,2MASS_J03173900+0011045,'-2.73,'-2.59
266,REN12,HE0315+0000,2MASS_J03173900+0011045,'-2.73,'-2.43
267,BAR05,HE0317-4640,2MASS_J03185625-4629276,'-2.32,'-2.14
268,BAR05,HE0316+0214,2MASS_J03190922+0224543,'-3.14,'-3.89
269,BAR05,HE0323-4529,2MASS_J03253020-4519315,'-3.14,'-2.8
270,REN12,HE0323-4529,2MASS_J03253020-4519315,'-3.15,'-2.65
271,ALL12,CS29526-110,2MASS_J03274362-2300299,'-2.19,0.18
272,AOK02d,CS29526-110,2MASS_J03274362-2300299,'-2.38,'-0.09
273,AOK08,CS29526-110,2MASS_J03274362-2300299,'-2.11,'-0.03
274,BAR05,HE0328-1047,2MASS_J03304535-1037098,'-2.24,'-2.14
275,REN12,HE0328-1047,2MASS_J03304535-1037098,'-2.25,'-1.98
276,ROE14b,CS22172-029,2MASS_J03304535-1037098,'-2.68,'-2.63
277,BAR05,HE0330-4004,2MASS_J03320737-3954501,'-2.19,'-2.15
279,BAR05,HE0331-4939,2MASS_J03324183-4929094,'-2.87,'-2.57
280,BAR05,HE0333-4001,2MASS_J03352577-3951468,'-2.64,'-2.37
281,BAR05,HE0336-3829,2MASS_J03383179-3820140,'-2.75,'-2.56
282,BAR05,HE0337-5127,2MASS_J03391312-5118163,'-2.61,'-2.49
283,BAR05,HE0338-3945,2MASS_J03395500-3935429,'-2.41,'-0.38
284,JON06,HE0338-3945,2MASS_J03395500-3935429,'-2.43,'-0.35
286,BAR05,HE0340-5355,2MASS_J03413456-5346180,'-2.88,'-3.03
287,REN12,HE0340-5355,2MASS_J03413456-5346180,'-2.89,'-2.88
290,LI15a,LAMOSTJ0343-0227,2MASS_J03432286-0227560,'-2.42,'-2.53
292,BAR05,HE0347-1819,2MASS_J03491837-1810405,'-2.77,'-2.78
293,REN12,HE0347-1819,2MASS_J03491837-1810405,'-2.78,'-2.63
294,LAI07,CS22190-007,2MASS_J03522180-1624325,'-2.02,'-1.89
295,PRE06,CS22190-007,2MASS_J03522180-1624325,'-2.57,'-2.32
296,BAR05,HE0353-6024,2MASS_J03535930-6015154,'-3.17,'-2.92
297,REN12,HE0353-6024,2MASS_J03535930-6015154,'-3.17,'-2.76
298,ROE14b,CS30494-003,2MASS_J03591002-2106479,'-2.97,'-2.84
299,ROE14b,CS29529-054,2MASS_J03592387-6210089,'-2.55,'-2.16
301,BAR05,HE0400-2917,2MASS_J04020635-2908479,'-2.88,'-2.77
303,BAR05,HE0401-0138,2MASS_J04034987-0130025,'-3.34,'-3.13
305,BON09,CS22177-009,2MASS_J04074064-2502439,'-3.1,'-2.6
306,ROE14b,CS22177-009,2MASS_J04074064-2502439,'-3.42,<-2.48
311,CAY04,CS22169-035,2MASS_J04121388-1205050,'-3.04,'-3.17
312,HON04,CS22169-035,2MASS_J04121388-1205050,'-2.71,'-2.84
313,ROE14b,CS22169-035,2MASS_J04121388-1205050,'-3.31,'-3.45
317,HAN15,HE0411-3558,2MASS_J04130905-3550386,'-2.81,<-2.11
320,ROE14b,CS22186-002,2MASS_J04135721-3646255,'-2.72,'-2.66
321,ROE14b,CS22186-017,2MASS_J04162226-3417576,'-2.82,'-2.57
322,BAR05,HE0417-0821,2MASS_J04193150-0814193,'-2.33,'-2.12
323,BAR05,CS22186-023,2MASS_J04194553-3651359,'-2.72,'-2.46
324,ROE14b,CS22186-023,2MASS_J04194553-3651359,'-3.04,'-2.83
326,PRE06,CS22182-033,2MASS_J04231047-3037041,'-2.67,'-2.43
327,ROE14b,CS22182-033,2MASS_J04231047-3037041,'-2.65,'-2.34
330,BAR05,CS22186-025,2MASS_J04243280-3709025,'-2.87,'-3.6
331,CAY04,CS22186-025,2MASS_J04243280-3709025,'-3.0,'-3.45
334,BAR05,HE0430-4901,2MASS_J04313114-4854416,'-2.72,'-2.67
335,BAR05,HE0430-4404,2MASS_J04313811-4357486,'-2.08,'-0.68
336,BAR05,HE0432-0923,2MASS_J04342566-0916505,'-3.19,'-2.99
337,BAR05,HE0436-4008,2MASS_J04381113-4003017,'-2.35,'-1.9
338,BAR05,HE0441-4343,2MASS_J04432041-4338205,'-2.52,'-2.23
339,AOK07a,HE0441-0652,2MASS_J04432988-0646534,'-2.52,'-1.13
340,SIV06,CS31080-095,2MASS_J04442200-4513542,'-2.85,'-0.18
341,BAR05,HE0442-1234,2MASS_J04445170-1228454,'-2.41,'-3.06
343,REN12,HE0442-1234,2MASS_J04445170-1228454,'-2.41,'-2.9
345,BAR05,HE0450-4705,2MASS_J04513356-4700038,'-3.1,'-2.29
346,REN12,HE0450-4705,2MASS_J04513356-4700038,'-3.1,'-2.14
347,BAR05,HE0454-4758,2MASS_J04552670-4753417,'-3.1,'-2.71
348,ROE14b,HE0454-4758,2MASS_J04552670-4753417,'-3.38,'-3.05
349,BAR05,HE0501-5644,2MASS_J05023526-5640208,'-2.4,'-2.17
350,BAR05,HE0501-5139,2MASS_J05024821-5135362,'-2.38,'-2.02
351,REN12,HE0501-5139,2MASS_J05024821-5135362,'-2.38,'-1.86
352,BAR05,CS31072-118,2MASS_J05085355-5918217,'-3.06,'-3.61
353,BAR05,HE0512-3835,2MASS_J05135949-3831546,'-2.39,'-2.66
354,BAR05,HE0513-4557,2MASS_J05151221-4554104,'-2.79,'-2.44
355,BAR05,HE0516-3820,2MASS_J05181291-3817326,'-2.32,'-1.97
356,SIQ14,HE0516-3820,2MASS_J05181291-3817326,'-2.48,'-2.08
357,BAR05,HE0517-1952,2MASS_J05191876-1949131,'-2.61,'-3.17
358,BAR05,HE0519-5525,2MASS_J05195914-5522418,'-2.52,'-2.27
359,BAR05,HE0520-1748,2MASS_J05222586-1746069,'-2.52,'-2.11
360,REN12,HE0520-1748,2MASS_J05222586-1746069,'-2.52,'-1.95
361,BAR05,HE0524-2055,2MASS_J05270444-2052420,'-2.59,'-2.87
362,REN12,HE0524-2055,2MASS_J05270444-2052420,'-2.58,'-2.71
363,SIQ14,HE0524-2055,2MASS_J05270444-2052420,'-2.74,'-2.59
364,BAR05,2MASSJ05355294-4613359,2MASS_J05355294-4613359,'-2.01,'-1.92
365,REN12,HE0534-4615,2MASS_J05355294-4613359,'-2.01,'-1.76
367,BAR05,HE0547-4539,2MASS_J05491378-4539040,'-3.01,'-2.55
368,NOR07,HE0557-4840,2MASS_J05583926-4839567,'-4.73,'-3.14
369,NOR12,HE0557-4840,2MASS_J05583926-4839567,'-4.79,'-3.03
370,AOK08,SDSS0817+26,2MASS_J08175492+2641038,'-3.21,<-0.83
372,LAI07,BS17444-032,2MASS_J08242941+3813081,'-2.43,<-2.3
373,FRE10a,UMa-S1,2MASS_J08495341+6308216,'-3.15,'-2.37
374,FRE10a,UMa-S2,2MASS_J08523350+6305009,'-3.28,'-2.73
375,FRE10a,UMa-S3,2MASS_J08525902+6305544,'-2.39,'-3.17
376,LAI07,BS17139-007,2MASS_J08541250+2919146,'-2.42,'-1.99
377,BAR05,HE0858-0016,2MASS_J09013236-0028019,'-2.75,'-3.59
378,AOK08,SDSS0924+40,2MASS_J09240185+4059288,'-2.56,0.17
379,JAC15,2MASS_J09380777-0600392,2MASS_J09380777-0600392,'-2.68,<-1.68
380,BAR05,HE0951-1152,2MASS_J09541733-1206151,'-2.62,'-2.55
381,AOK07a,HE1005-1439,2MASS_J10075239-1454209,'-3.22,'-0.73
383,ALL12,BS15621-047,2MASS_J10093496+2559273,'-2.29,'-1.2
389,COH08,HE1012-1540,2MASS_J10145347-1555532,'-3.48,'-1.05
390,COH13,HE1012-1540,2MASS_J10145347-1555532,'-3.51,'-1.17
391,ROE14a,HE1012-1540,2MASS_J10145347-1555532,'-4.17,'-1.77
392,ROE14b,HE1012-1540,2MASS_J10145347-1555532,'-4.17,'-1.77
393,HON04,BS16469-075,2MASS_J10151018+4253173,'-3.02,'-2.69
395,JAC15,2MASS_J10242264-2904203,2MASS_J10242264-2904203,'-3.13,'-3.18
398,JAC15,2MASS_J10294248-0103238,2MASS_J10294248-0103238,'-2.39,'-2.73
399,HAN15,HE1029-0546,2MASS_J10314811-0601439,'-3.28,'-0.64
402,COH06,HE1031-0020,2MASS_J10342421-0036083,'-2.91,'-1.07
403,COH13,HE1031-0020,2MASS_J10342421-0036083,'-2.81,'-1.11
404,BAR05,HE1044-2509,2MASS_J10471647-2525183,'-2.88,'-2.4
406,LAI07,BS16945-054,2MASS_J10510181+3401356,'-2.93,'-2.7
407,BAR05,HE1052-2548,2MASS_J10552053-2604480,'-2.29,'-1.82
408,REN12,HE1052-2548,2MASS_J10552053-2604480,'-2.29,'-1.66
409,BAR05,HE1054-0059,2MASS_J10564775-0115294,'-3.34,'-4.11
410,ROE14b,G146-76,2MASS_J10595749+4446439,'-2.08,'-2.24
411,AOK05,BS17439-065,2MASS_J11012043-1338384,'-2.39,'-2.93
412,BAR05,HE1059-0118,2MASS_J11020338-0134144,'-2.8,'-2.48
413,BAR05,HE1100-0137,2MASS_J11025552-0153408,'-2.9,'-2.47
414,REN12,HE1100-0137,2MASS_J11025552-0153408,'-2.92,'-2.33
415,BAR05,HE1105+0027,2MASS_J11074950+0011383,'-2.42,'-0.46
417,BAR05,HE1122-1429,2MASS_J11250669-1446042,'-2.65,'-2.25
418,BAR05,HE1124-2335,2MASS_J11272694-2352056,'-2.93,'-2.12
419,REN12,HE1124-2335,2MASS_J11272694-2352056,'-2.95,'-1.97
420,ROE14b,HE1124-2335,2MASS_J11272694-2352056,'-3.36,'-2.62
421,BAR05,HE1126-1735,2MASS_J11285140-1751429,'-2.69,'-2.5
422,REN12,HE1126-1735,2MASS_J11285140-1751429,'-2.69,'-2.34
423,BAR05,HE1127-1143,2MASS_J11295061-1200124,'-2.72,'-2.22
424,REN12,HE1127-1143,2MASS_J11295061-1200124,'-2.73,'-2.07
425,BAR05,HE1128-0823,2MASS_J11304432-0839547,'-2.71,'-2.28
426,BAR05,HE1131+0141,2MASS_J11343212+0124417,'-2.49,'-2.41
427,BAR05,HE1132+0125,2MASS_J11344670+0109013,'-2.38,'-2.18
428,BAR05,HE1132+0204,2MASS_J11345100+0147280,'-2.53,'-2.44
429,REN12,HE1132+0204,2MASS_J11345100+0147280,'-2.55,'-2.3
430,BAR05,HE1135+0139,2MASS_J11380985+0122441,'-2.31,'-1.15
431,BAR05,HE1135-0344,2MASS_J11382103-0401240,'-2.63,'-1.63
434,BAR05,HE1148-0037,2MASS_J11511498-0054111,'-3.47,'-2.67
435,COH06,HE1150-0428,2MASS_J11530660-0445033,'-3.35,'-0.77
436,COH13,HE1150-0428,2MASS_J11530660-0445033,'-3.21,'-0.81
437,AOK07a,HE1157-0518,2MASS_J12001806-0534431,'-2.39,'-0.23
438,AOK07a,BS16920-005,2MASS_J12071683+4139325,'-3.22,'-2.13
440,HON11,BS16920-017,2MASS_J12071683+4139325,'-3.12,'-3.06
441,LAI07,BS16920-017,2MASS_J12071683+4139325,'-3.02,'-3.19
442,BAR05,HE1207-2031,2MASS_J12095086-2047437,'-2.82,'-2.22
443,REN12,HE1207-2031,2MASS_J12095086-2047437,'-2.82,'-2.06
444,BAR05,HE1210-1956,2MASS_J12125088-2012581,'-2.57,'-2.39
445,BAR05,HE1210+0048,2MASS_J12132784+0032111,'-2.26,'-1.73
446,BAR05,HE1212-0127,2MASS_J12151825-0143547,'-2.16,'-2.58
447,BAR05,HE1214-1819,2MASS_J12170156-1835546,'-3.0,'-2.69
448,BAR05,HE1215+0149,2MASS_J12174314+0132327,'-2.9,'-2.78
449,BAR05,HE1217-0540,2MASS_J12195366-0557158,'-2.94,'-2.17
450,HAN15,HE1218-1828,2MASS_J12211935-1845349,'-3.43,<-2.16
451,BAR05,HE1219-0312,2MASS_J12213413-0328396,'-2.8,'-2.92
453,HAY09,HE1219-0312,2MASS_J12213413-0328396,'-2.97,'-2.97
455,HON04,BS16928-053,2MASS_J12222802+3411318,'-2.9,'-3.01
456,LAI07,BS16928-053,2MASS_J12222802+3411318,'-2.87,'-2.89
457,LAI08,BS16928-053,2MASS_J12222802+3411318,'-3.06,'-3.23
458,BAR05,HE1221-1948,2MASS_J12234774-2004459,'-3.36,'-1.97
459,REN12,HE1221-1948,2MASS_J12234774-2004459,'-2.6,'-1.06
460,BAR05,HE1221-0522,2MASS_J12240770-0539112,'-2.84,'-2.35
461,BAR05,HE1222-0336,2MASS_J12245239-0353061,'-2.04,'-1.86
462,BAR05,HE1222-0200,2MASS_J12252937-0217235,'-2.44,'-2.25
463,FRE10a,ComBer-S1,2MASS_J12264344+2357026,'-2.36,'-2.34
464,FRE10a,ComBer-S2,2MASS_J12265545+2356095,'-2.93,'-2.83
465,FRE10a,ComBer-S3,2MASS_J12265667+2356117,'-2.58,'-3.01
466,BAR05,HE1225+0155,2MASS_J12280475+0138329,'-2.75,'-2.53
467,REN12,HE1225+0155,2MASS_J12280475+0138329,'-2.75,'-2.37
469,BAR05,HE1230-1724,2MASS_J12325705-1741270,'-2.3,'-2.21
470,BAR05,HE1237-3103,2MASS_J12401463-3120085,'-2.91,'-3.01
471,BAR05,2MASSJ12462807-1441335,2MASS_J12462807-1441335,'-2.67,'-2.2
472,BAR05,HE1245-1616,2MASS_J12475678-1632441,'-2.97,'-2.24
473,REN12,HE1245-1616,2MASS_J12475678-1632441,'-2.98,'-2.09
474,BON09,BS16076-006,2MASS_J12482275+2056440,'-3.81,'-3.35
475,LAI07,BS16076-006,2MASS_J12482275+2056440,'-3.0,'-2.27
476,BAR05,HE1246-1344,2MASS_J12492024-1400415,'-3.4,'-3.5
477,REN12,HE1246-1344,2MASS_J12492024-1400415,'-3.4,'-3.34
478,BAR05,HE1247-2114,2MASS_J12500511-2130473,'-2.61,'-2.33
479,REN12,HE1247-2114,2MASS_J12500511-2130473,'-2.61,'-2.17
480,BAR05,HE1248-1800,2MASS_J12512795-1816300,'-2.89,'-2.41
481,BAR05,HE1249-3121,2MASS_J12520513-3137449,'-3.23,'-1.42
482,BAR05,HE1249-2932,2MASS_J12521835-2948567,'-2.65,'-3.11
483,BAR05,HE1251-0104,2MASS_J12535206-0120353,'-2.73,'-2.52
484,REN12,HE1251-0104,2MASS_J12535206-0120353,'-2.73,'-2.36
485,BAR05,HE1252-0117,2MASS_J12545984-0133349,'-2.86,'-3.05
486,BAR05,HE1252+0044,2MASS_J12552210+0028011,'-3.28,'-2.73
487,BAR05,HE1254+0009,2MASS_J12571291-0006394,'-2.95,'-3.09
488,BAR05,HE1256-0228,2MASS_J12583845-0244175,'-2.08,'-2.16
489,BAR05,HE1256-0651,2MASS_J12591309-0707191,'-2.35,'-1.78
490,REN12,HE1256-0651,2MASS_J12591309-0707191,'-2.36,'-1.62
491,BAR05,HE1259-0621,2MASS_J13015111-0637140,'-2.64,'-2.27
492,BAR05,HE1300-2431,2MASS_J13030004-2447122,'-3.25,'-3.45
493,REN12,HE1300-2431,2MASS_J13030004-2447122,'-3.25,'-3.29
494,BAR05,HE1300-2201,2MASS_J13031731-2217379,'-2.6,'-1.63
495,BAR05,HE1300-0642,2MASS_J13032340-0658232,'-3.02,'-2.72
496,REN12,HE1300-0642,2MASS_J13032340-0658232,'-3.03,'-2.57
497,ALL12,BS16929-005,2MASS_J13032947+3351091,'-3.15,'-1.43
498,HON04,BS16929-005,2MASS_J13032947+3351091,'-2.98,'-2.04
499,LAI08,BS16929-005,2MASS_J13032947+3351091,'-3.33,'-2.28
500,BAR05,HE1300-0641,2MASS_J13033414-0657207,'-3.14,'-1.89
501,AOK05,BS16033-008,2MASS_J13055616+2510161,'-2.84,'-2.23
502,BAR05,HE1305-0331,2MASS_J13075893-0347403,'-3.26,'-2.17
503,REN12,HE1305-0331,2MASS_J13075893-0347403,'-3.26,'-2.01
504,SCH07,HE1305+0132,2MASS_J13081774+0116495,'-2.5,0.14
505,HAN15,HE1310-0536,2MASS_J13133118-0552124,'-4.15,'-1.79
506,LI15c,LAMOSTJ1313-0552,2MASS_J13133118-0552124,'-4.11,'-2.28
507,HAN14,HE1310-0536,2MASS_J13133118-0552124,'-4.15,'-1.67
508,BAR05,HE1311-1412,2MASS_J13134199-1428246,'-2.88,'-3.08
509,HOL11,HE1311-0131,2MASS_J13134202-0147153,'-3.15,'-2.82
510,AOK02a,CS22877-001,2MASS_J13135537-1211415,'-2.72,'-1.63
511,ROE14a,CS22877-001,2MASS_J13135537-1211415,'-3.31,'-2.21
512,ROE14b,CS22877-001,2MASS_J13135537-1211415,'-3.31,'-2.21
515,BAR05,HE1314-3036,2MASS_J13172923-3051507,'-2.98,'-3.16
517,ALL12,BS16033-081,2MASS_J13191246+2227575,'-2.2,'-1.21
519,ALL12,BS16543-097,2MASS_J13262814+2138429,'-2.48,'-1.12
520,AOK05,BS16543-097,2MASS_J13262814+2138429,'-2.52,'-2.23
521,AOK05,BS16934-002,2MASS_J13294651+1615450,'-2.79,'-3.13
522,AOK07c,BS16934-002,2MASS_J13294651+1615450,'-2.82,'-3.08
523,BAR05,HE1330-0607,2MASS_J13325658-0622304,'-2.33,'-2.16
524,BAR05,HE1330-0354,2MASS_J13331067-0410057,'-2.29,'-1.28
525,REN12,HE1330-0354,2MASS_J13331067-0410057,'-2.29,'-1.12
526,BAR05,HE1332-0309,2MASS_J13343788-0324529,'-2.46,'-2.29
527,REN12,HE1332-0309,2MASS_J13343788-0324529,'-2.46,'-2.13
529,BAR05,HE1335+0135,2MASS_J13375386+0120270,'-2.47,'-2.37
530,BAR05,HE1337-0453,2MASS_J13395820-0508313,'-2.34,'-2.26
531,REN12,HE1337-0453,2MASS_J13395820-0508313,'-2.34,'-2.1
533,ALL12,BS16082-129,2MASS_J13471172+2857471,'-2.65,'-1.3
534,HON04,BS16082-129,2MASS_J13471172+2857471,'-2.85,'-2.44
535,BAR05,HE1345-0206,2MASS_J13481600-0221469,'-2.82,'-2.52
536,AOK05,BS16089-013,2MASS_J13492196+3544502,'-2.82,'-3.05
537,BAR05,HE1351-1049,2MASS_J13535712-1104245,'-3.45,'-1.94
538,NOR10,Boo-1137,2MASS_J13583380+1421083,'-3.71,'-3.45
539,FRE16,Boo-980,2MASS_J13591264+1342557,'-3.06,'-3.46
541,ISH14,Boo-9,2MASS_J13594880+1419430,'-2.64,<-2.93
543,ISH14,Boo-911,2MASS_J14000107+1436515,'-2.16,'-2.93
547,ISH14,Boo-117,2MASS_J14001049+1431454,'-2.15,'-2.94
557,ISH14,Boo-94,2MASS_J14003150+1434034,'-3.18,<-2.93
559,ISH14,Boo-121,2MASS_J14003651+1439272,'-2.49,<-2.73
561,BON09,BS16023-046,2MASS_J14005447+2246423,'-2.97,'-2.3
563,CUI13,HE1405-0822,2MASS_J14074295-0836143,'-2.37,'-0.47
566,COH06,HE1410+0213,2MASS_J14130656+0159219,'-2.21,'-0.27
567,COH13,HE1410+0213,2MASS_J14130656+0159219,'-2.14,'-0.31
568,BAR05,HE1413-1954,2MASS_J14160471-2008540,'-3.19,'-1.78
569,LAI07,CS22883-020,2MASS_J14164424+0909336,'-2.02,<-1.89
570,BAR05,HE1419-1759,2MASS_J14221769-1813295,'-3.17,'-3.41
571,BAR05,HE1421-2006,2MASS_J14235044-2020106,'-2.65,'-2.39
572,HAN15,HE1429-0347,2MASS_J14322606-0400309,'-2.71,'-2.4
573,AOK07a,HE1429-0551,2MASS_J14323128-0605002,'-2.52,'-0.23
576,CAY04,BS16477-003,2MASS_J14325691+0646069,'-3.36,'-2.98
577,LAI07,BS16477-003,2MASS_J14325691+0646069,'-3.12,'-2.69
579,BAR05,HE1430-0026,2MASS_J14331629-0039476,'-2.78,'-2.3
580,BAR05,HE1430+0053,2MASS_J14331652+0040490,'-3.03,'-2.78
581,LAI07,BS16981-009,2MASS_J14331652+0040490,'-2.88,'-2.35
582,BAR05,HE1430-1123,2MASS_J14333363-1137073,'-2.7,'-0.9
583,BAR05,HE1431-2142,2MASS_J14340669-2155166,'-2.6,'-2.15
584,REN12,HE1431-2142,2MASS_J14340669-2155166,'-2.6,'-2.0
586,COH06,HE1434-1442,2MASS_J14372659-1454594,'-2.43,'-0.27
587,COH13,HE1434-1442,2MASS_J14372659-1454594,'-2.38,'-0.31
589,COH06,HE1443+0113,2MASS_J14461636+0101098,'-2.12,'-0.07
590,COH13,HE1443+0113,2MASS_J14461636+0101098,'-2.11,'-0.47
591,AOK07a,HE1447+0102,2MASS_J14501503+0050151,'-2.52,'-0.03
592,AOK05,BS16083-172,2MASS_J14504144+4845136,'-2.53,'-2.23
595,AOK05,CS30325-094,2MASS_J14543927+0421380,'-3.17,'-2.73
596,CAY04,CS30325-094,2MASS_J14543927+0421380,'-3.3,'-3.21
599,LAI07,BS16472-018,2MASS_J14562106+0152348,'-2.46,'-2.58
600,AOK05,CS30325-028,2MASS_J15051979+0617069,'-2.74,'-2.23
601,LAI07,CS30325-028,2MASS_J15051979+0617069,'-2.79,'-2.11
602,LAI08,CS30325-028,2MASS_J15051979+0617069,'-2.89,'-2.43
605,BON09,BS16472-070,2MASS_J15082967-0035591,'-2.75,'-2.4
611,AOK02d,CS30301-015,2MASS_J15085684+0230184,'-2.64,'-0.95
612,COH06,HE1509-0806,2MASS_J15114157-0817401,'-2.96,'-0.77
613,COH13,HE1509-0806,2MASS_J15114157-0817401,'-2.91,'-0.81
614,AOK05,CS30306-132,2MASS_J15141890+0727028,'-2.4,'-1.93
615,HON04,CS30306-132,2MASS_J15141890+0727028,'-2.41,'-1.95
617,ROE14b,CS22890-024,2MASS_J15160539-0003578,'-2.77,'-2.46
618,LAI07,BS16551-058,2MASS_J15185499-0854118,'-2.01,'-2.68
619,AOK07a,HE1523-1155,2MASS_J15264103-1205426,'-2.2,'-0.33
620,AOK07a,HE1528-0409,2MASS_J15305430-0419404,'-2.65,'-0.23
621,LAI07,CS30329-129,2MASS_J15313906-0648397,'-2.41,'-2.13
622,AOK05,CS30312-059,2MASS_J15344884-0123372,'-3.04,'-2.83
624,LAI08,CS30312-059,2MASS_J15344884-0123372,'-3.13,'-2.78
625,ROE14b,CS30312-059,2MASS_J15344884-0123372,'-3.41,'-3.18
627,AOK07a,CS30312-100,2MASS_J15433166+0201174,'-2.38,'-1.83
629,MAS12,CS30312-100,2MASS_J15433166+0201174,'-2.75,'-2.35
630,ROE14b,CS30312-100,2MASS_J15433166+0201174,'-2.69,'-2.42
631,LAI08,CS22884-0108,2MASS_J15495758-0914092,'-3.13,<-2.13
632,ROE14b,CS22884-108,2MASS_J15495758-0914092,'-3.1,<-1.73
633,CAS15,J155730.10-293922.7,2MASS_J15573010-2939228,'-3.02,'-3.02
635,LI15a,LAMOSTJ1626+1721,2MASS_J16261477+1721121,'-3.2,'-2.13
636,AOK05,BS16084-160,2MASS_J16285078+5437067,'-3.1,'-3.23
637,LAI07,BS16084-160,2MASS_J16285078+5437067,'-2.93,'-2.95
638,LAI08,BS16084-160,2MASS_J16285078+5437067,'-3.19,'-3.23
639,AOK05,BS16080-054,2MASS_J16391853+6057426,'-2.89,'-3.79
640,LAI07,BS16080-054,2MASS_J16391853+6057426,'-2.74,'-3.11
641,LAI08,BS16080-054,2MASS_J16391853+6057426,'-3.06,'-3.43
645,CAY04,CS22878-101,2MASS_J16453144+0814454,'-3.29,'-3.45
646,LAI07,CS22878-101,2MASS_J16453144+0814454,'-2.93,'-3.25
647,MCW95,CS22878-101,2MASS_J16453144+0814454,'-3.11,'-3.33
648,ROE14a,CS22878-101,2MASS_J16453144+0814454,'-3.53,'-3.9
649,ROE14b,CS22878-101,2MASS_J16453144+0814454,'-3.53,'-3.9
652,PRE06,CS22878-121,2MASS_J16475003+1139112,'-2.38,'-2.63
653,LAI07,BS16080-093,2MASS_J16503830+5913064,'-2.73,'-3.1
654,LAI08,BS16080-093,2MASS_J16503830+5913064,'-3.18,<-3.73
655,AOK08,SDSS1707+58,2MASS_J17073392+5850598,'-2.57,'-0.43
656,LI15a,LAMOSTJ1709+1616,2MASS_J17095978+1616133,'-3.71,'-2.13
657,COH09,Draco21456,2MASS_J17181038+5752090,'-2.39,'-2.67
662,COH09,Draco19219,2MASS_J17214368+5757126,'-3.06,'-2.53
663,COH09,Draco19629,2MASS_J17215819+5756042,'-2.7,'-2.93
664,MEL16,2MASSJ18082002-5104378,2MASS_J18082002-5104378,'-4.07,<-3.13
665,CAS15,J181503.64-375120.7,2MASS_J18150365-3751206,'-2.84,'-2.69
666,CAS15,J183713.28-314109.3,2MASS_J18371329-3141091,'-2.7,'-3.31
668,HOL11,CS22891-200,2MASS_J19351908-6142243,'-3.92,'-3.34
669,MCW95,CS22891-200,2MASS_J19351908-6142243,'-3.47,'-2.83
670,ROE14a,CS22891-200,2MASS_J19351908-6142243,'-4.06,'-3.53
671,ROE14b,CS22891-200,2MASS_J19351908-6142243,'-4.06,'-3.53
674,CAY04,CS22891-209,2MASS_J19420216-6103446,'-3.29,'-3.85
675,MCW95,CS22891-209,2MASS_J19420216-6103446,'-3.18,'-3.53
676,ROE14b,CS22891-209,2MASS_J19420216-6103446,'-3.49,'-3.91
681,CAY04,CS22896-154,2MASS_J19422688-5658340,'-2.68,'-2.37
682,MCW95,CS22896-154,2MASS_J19422688-5658340,'-2.71,'-2.43
688,CAY04,CS22873-055,2MASS_J19534978-5940001,'-2.98,'-3.63
691,MCW95,CS22873-128,2MASS_J20070379-5834575,'-2.86,'-2.68
692,ROE14b,CS22873-128,2MASS_J20070379-5834575,'-3.32,'-3.2
697,CAY04,CS22885-096,2MASS_J20205117-3953301,'-3.81,'-3.43
698,MCW95,CS22885-096,2MASS_J20205117-3953301,'-3.77,'-3.33
699,NOR01,CS22885-096,2MASS_J20205117-3953301,'-3.66,'-2.82
700,NOR02,CS22885-096,2MASS_J20205117-3953301,'-3.66,'-2.82
701,ROE14b,CS22885-096,2MASS_J20205117-3953301,'-4.41,'-3.81
705,MCW95,CS22950-046,2MASS_J20212839-1316336,'-3.38,'-3.33
706,ROE14b,CS22950-046,2MASS_J20212839-1316336,'-4.12,'-3.51
708,ROE14b,CS22943-137,2MASS_J20262899-4300426,'-3.64,'-3.0
710,LAI07,CS22950-153,2MASS_J20323450-1547579,'-2.1,'-2.12
713,LAI08,CS30336-049,2MASS_J20452353-2842359,'-4.03,'-4.23
714,YON13,CS30336-049,2MASS_J20452353-2842359,'-4.1,<-3.87
715,BAR05,CS30308-035,2MASS_J20455414-4450293,'-3.35,'-3.35
720,AOK02a,CS30314-067,2MASS_J20525098-3419405,'-2.85,'-2.26
721,ROE14a,CS30314-067,2MASS_J20525098-3419405,'-3.31,'-2.46
722,ROE14b,CS30314-067,2MASS_J20525098-3419405,'-3.31,'-2.46
725,CAY04,CS22897-008,2MASS_J21031185-6505088,'-3.42,'-2.76
726,MCW95,CS22897-008,2MASS_J21031185-6505088,'-3.33,'-2.88
727,ROE14b,CS22897-008,2MASS_J21031185-6505088,'-3.83,'-3.23
732,AOK02c,CS29498-043,2MASS_J21035211-2942502,'-3.75,'-1.73
733,AOK02d,CS29498-043,2MASS_J21035211-2942502,'-3.75,'-1.76
734,ROE14a,CS29498-043,2MASS_J21035211-2942502,'-3.87,'-1.12
735,ROE14b,CS29498-043,2MASS_J21035211-2942502,'-3.87,'-1.12
736,ALL12,CS22898-027,2MASS_J21054509-1836574,'-2.3,0.16
738,LAI07,CS22898-027,2MASS_J21054509-1836574,'-2.29,'-0.71
739,MAS12,CS22898-027,2MASS_J21054509-1836574,'-2.54,'-0.43
740,MCW95,CS22898-027,2MASS_J21054509-1836574,'-2.34,'-0.33
741,PRE01,CS22898-027,2MASS_J21054509-1836574,'-2.17,'-0.13
742,ROE14a,CS30492-001,2MASS_J21055523-4210101,'-2.62,'-2.4
743,ROE14b,CS30492-001,2MASS_J21055523-4210101,'-2.62,'-2.4
744,AOK05,CS30319-020,2MASS_J21193930-2652395,'-2.35,'-2.03
745,ROE14b,CS30492-110,2MASS_J21214583-3808579,'-3.27,'-3.15
746,HOL11,HE2123-0329,2MASS_J21260896-0316587,'-3.22,'-2.82
747,AOK07a,CS30322-023,2MASS_J21303218-4616247,'-3.3,'-2.73
748,MAS06,CS30322-023,2MASS_J21303218-4616247,'-3.44,'-2.83
749,MAS12,CS30322-023,2MASS_J21303218-4616247,'-3.38,'-2.83
750,PRE06,CS22948-006,2MASS_J21331768-3939428,'-2.62,'-2.13
751,BAR05,HE2133-1432,2MASS_J21362253-1419203,'-2.02,'-1.94
752,REN12,HE2133-1432,2MASS_J21362253-1419203,'-2.02,'-1.78
755,CAY04,CS29495-041,2MASS_J21363327-2818485,'-2.81,'-2.8
757,BAR05,HE2134+0001,2MASS_J21370818+0015045,'-2.22,'-2.05
758,REN12,HE2134+0001,2MASS_J21370818+0015045,'-2.22,'-1.9
759,AOK02a,CS22948-027,2MASS_J21374577-3927223,'-2.57,'-0.48
760,AOK07a,CS22948-027,2MASS_J21374577-3927223,'-2.26,'-0.13
761,BAB05,CS22948-027,2MASS_J21374577-3927223,'-2.47,0.06
762,PRE01,CS22948-027,2MASS_J21374577-3927223,'-2.79,'-0.6
763,ROE14b,CS29495-042,2MASS_J21391140-2817544,'-2.54,'-1.47
764,HOL11,HE2138-0314,2MASS_J21404159-0301171,'-3.29,'-2.51
765,BAR05,HE2139-1851,2MASS_J21422951-1837506,'-3.24,'-2.79
766,PRE06,CS22944-039,2MASS_J21451226-1441248,'-2.41,'-2.63
767,BAR05,CS30343-063,2MASS_J21451750-3722185,'-2.97,'-3.68
768,BAR05,HE2143+0030,2MASS_J21461207+0044457,'-2.43,'-2.83
770,LAI07,CS22944-032,2MASS_J21474322-1340227,'-2.64,'-1.86
771,LAI08,CS22944-032,2MASS_J21474322-1340227,'-2.97,'-2.58
772,ROE14b,CS22944-032,2MASS_J21474322-1340227,'-3.22,'-2.94
775,COH03,HE2148-1247,2MASS_J21511791-1233417,'-2.37,'-0.35
776,COH13,HE2148-1247,2MASS_J21511791-1233417,'-2.3,'-0.39
777,MAS12,CS22948-104,2MASS_J21514574-3752308,'-2.81,'-2.38
779,BAR05,HE2151-2858,2MASS_J21540157-2844199,'-2.38,'-2.32
780,REN12,HE2151-2858,2MASS_J21540157-2844199,'-2.38,'-2.16
781,BAR05,HE2153-2719,2MASS_J21560407-2704497,'-2.49,'-2.41
782,REN12,HE2153-2719,2MASS_J21560407-2704497,'-2.49,'-2.25
783,LAI07,CS22965-016,2MASS_J21570791-0434083,'-2.59,'-3.16
784,ROE14b,CS22965-016,2MASS_J21570791-0434083,'-3.13,'-3.61
785,BAR05,HE2155+0136,2MASS_J21573755+0150201,'-2.07,'-2.11
789,CAY04,CS22956-050,2MASS_J21580583-6513271,'-3.32,'-2.97
790,ROE14b,CS22956-050,2MASS_J21580583-6513271,'-3.67,'-3.41
793,BAR05,HE2156-3130,2MASS_J21590577-3116121,'-3.13,'-2.43
794,MAS12,CS29493-090,2MASS_J21590577-3116121,'-3.3,'-2.48
795,SPI14,CS29493-090,2MASS_J21590577-3116121,'-3.14,'-2.25
796,COH06,HE2158-0348,2MASS_J22003997-0334121,'-2.75,'-0.67
797,COH13,HE2158-0348,2MASS_J22003997-0334121,'-2.66,'-0.76
798,BAR05,HE2158-3112,2MASS_J22012150-3057575,'-2.74,'-2.82
799,BAR05,CS30337-097,2MASS_J22012150-3057575,'-2.73,'-2.79
800,REN12,CS30337-097,2MASS_J22012150-3057575,'-2.75,'-2.67
801,HAN15,HE2159-0551,2MASS_J22021636-0536483,'-2.81,'-3.05
802,BAR05,HE2200-2030,2MASS_J22030253-2015584,'-2.0,'-1.94
803,BAR05,HE2201-0637,2MASS_J22034474-0622416,'-2.59,'-2.5
806,CAY04,BS17569-049,2MASS_J22045836+0401321,'-2.85,'-2.91
809,BAR05,HE2204-1703,2MASS_J22071190-1649106,'-2.79,'-2.62
810,PRE01,CS22881-036,2MASS_J22075843-4044164,'-2.05,0.0
811,ROE14b,CS22881-036,2MASS_J22075843-4044164,'-2.34,'-0.38
812,BAR05,HE2206-2245,2MASS_J22090942-2230161,'-2.73,'-2.56
813,AOK07a,CS22960-053,2MASS_J22161708-4354197,'-3.19,'-1.13
814,ROE14b,CS22960-053,2MASS_J22161708-4354197,'-3.64,'-2.24
815,ROE14b,CS22960-048,2MASS_J22170156-4512169,'-3.91,'-3.44
818,BAR05,CS22892-052,2MASS_J22170165-1639271,'-2.95,'-1.99
819,CAY04,CS22892-052,2MASS_J22170165-1639271,'-3.04,'-2.05
820,HON04,CS22892-052,2MASS_J22170165-1639271,'-2.91,'-1.88
821,LAI07,CS22892-052,2MASS_J22170165-1639271,'-2.99,'-1.86
822,MCW95,CS22892-052,2MASS_J22170165-1639271,'-3.02,'-1.93
823,NOR97b,CS22892-052,2MASS_J22170165-1639271,'-2.97,'-1.63
824,REN12,CS22892-052,2MASS_J22170165-1639271,'-2.95,'-1.83
826,ROE14b,CS22892-052,2MASS_J22170165-1639271,'-3.24,'-2.32
828,SNE03,CS22892-052,2MASS_J22170165-1639271,'-3.1,'-2.13
831,BAR05,HE2216-0621,2MASS_J22184594-0606501,'-3.23,'-3.93
833,BAR05,HE2217-0706,2MASS_J22201799-0651164,'-2.58,'-3.16
834,AOK05,CS22886-042,2MASS_J22202581-1023201,'-2.55,'-2.63
835,AOK07a,CS22886-042,2MASS_J22202581-1023201,'-2.66,'-2.53
836,BAR05,CS22886-042,2MASS_J22202581-1023201,'-2.68,'-2.71
837,REN12,CS22886-042,2MASS_J22202581-1023201,'-2.68,'-2.55
838,BAR05,HE2217-1523,2MASS_J22203372-1508346,'-2.62,'-2.63
841,AOK05,CS29516-041,2MASS_J22214882+0228448,'-2.97,'-2.93
842,CAY04,CS29502-042,2MASS_J22214882+0228448,'-3.19,'-2.94
845,BAR05,HE2219-0713,2MASS_J22221577-0658343,'-2.92,'-3.13
846,REN12,HE2219-0713,2MASS_J22221577-0658343,'-2.91,'-2.96
847,PRE06,CS22886-043,2MASS_J22223378-1014090,'-2.14,'-1.89
848,ALL12,CS29502-092,2MASS_J22223599-0138275,'-3.05,'-1.74
849,AOK02a,CS29502-092,2MASS_J22223599-0138275,'-2.76,'-1.67
850,LAI07,CS29502-092,2MASS_J22223599-0138275,'-2.92,'-1.64
851,LAI08,CS29502-092,2MASS_J22223599-0138275,'-3.17,'-2.13
852,ROE14a,CS29502-092,2MASS_J22223599-0138275,'-3.3,'-2.24
853,ROE14b,CS29502-092,2MASS_J22223599-0138275,'-3.3,'-2.24
855,ROE14a,CS22960-064,2MASS_J22240014-4235160,'-2.77,'-2.63
856,ROE14b,CS22960-064,2MASS_J22240014-4235160,'-2.77,'-2.63
857,AOK07a,HE2221-0453,2MASS_J22242563-0438021,'-2.27,'-0.43
858,BAR05,HE2221-4150,2MASS_J22244729-4135388,'-2.03,'-1.84
859,BAR05,CS29491-109,2MASS_J22250119-3214413,'-2.9,'-3.13
860,BAR05,HE2222-4156,2MASS_J22252864-4140576,'-2.73,'-2.35
863,CAY04,CS29516-024,2MASS_J22261535+0251462,'-3.07,'-3.03
865,BAR05,HE2224+0143,2MASS_J22272312+0158329,'-2.58,'-2.27
866,REN12,HE2224+0143,2MASS_J22272312+0158329,'-2.58,'-2.11
867,BAR05,HE2224-4103,2MASS_J22274828-4048248,'-2.6,'-2.41
868,REN12,HE2224-4103,2MASS_J22274828-4048248,'-2.64,'-2.29
870,BAR05,HE2226-4102,2MASS_J22290430-4046523,'-2.87,'-2.45
871,BAR05,HE2227-4044,2MASS_J22301908-4029130,'-2.32,'-0.68
872,BAR05,CS29491-069,2MASS_J22310218-3238365,'-2.81,'-2.67
873,HAY09,CS29491-069,2MASS_J22310218-3238365,'-2.6,'-2.32
874,REN12,CS29491-069,2MASS_J22310218-3238365,'-2.81,'-2.51
876,BAR05,HE2228-3806,2MASS_J22310257-3750406,'-3.07,'-2.69
877,AOK07a,HE2228-0706,2MASS_J22312447-0650511,'-2.46,'-0.13
878,BAR05,HE2229-4153,2MASS_J22324904-4138252,'-2.59,'-2.26
879,REN12,HE2229-4153,2MASS_J22324904-4138252,'-2.62,'-2.13
880,SIQ14,HE2229-4153,2MASS_J22324904-4138252,'-2.61,'-2.03
881,BAR05,HE2231-0622,2MASS_J22342010-0606306,'-2.12,'-2.24
883,COH13,HE2232-0603,2MASS_J22344742-0548172,'-2.23,'-0.97
884,BAR05,HE2234-0521,2MASS_J22363771-0506052,'-2.78,'-2.46
885,REN12,HE2234-0521,2MASS_J22363771-0506052,'-2.78,'-2.3
888,CAY04,CS29491-053,2MASS_J22365630-2831064,'-3.03,'-3.22
891,BAR05,HE2238-2152,2MASS_J22411030-2136198,'-2.4,'-2.31
892,HAN15,HE2238-4131,2MASS_J22412267-4115571,'-2.75,'-0.12
893,HAN15,HE2239-5019,2MASS_J22422683-5004009,'-4.15,<-2.45
894,HAN14,HE2239-5019,2MASS_J22422683-5004009,'-4.15,<-2.33
895,BAR05,HE2240-0412,2MASS_J22425807-0356340,'-2.2,'-0.89
896,BAR05,HE2242-1930,2MASS_J22451720-1914515,'-2.21,'-2.16
898,BAR05,HE2244-1503,2MASS_J22472583-1447301,'-2.87,'-2.76
899,BAR05,HE2247-3705,2MASS_J22502951-3649164,'-2.26,'-1.95
900,REN12,HE2247-3705,2MASS_J22502951-3649164,'-2.27,'-1.79
901,BAR05,HE2248-3345,2MASS_J22514478-3329253,'-2.73,'-2.55
902,BAR05,HE2250-2132,2MASS_J22534047-2116238,'-2.22,'-1.85
903,REN12,HE2250-2132,2MASS_J22534047-2116238,'-2.22,'-1.69
904,BAR05,HE2252-4225,2MASS_J22545856-4209193,'-2.82,'-3.25
905,MAS14,HE2252-4225,2MASS_J22545856-4209193,'-2.94,'-3.28
907,BAR05,HE2258-3456,2MASS_J23005976-3440417,'-2.97,'-3.21
908,BAR05,HE2259-3407,2MASS_J23021574-3351110,'-2.29,'-1.92
909,REN12,HE2259-3407,2MASS_J23021574-3351110,'-2.29,'-1.76
910,BAR05,HE2301-4126,2MASS_J23035017-4110262,'-2.37,'-2.02
911,BAR05,HE2301-4024,2MASS_J23041403-4008201,'-2.1,'-1.84
912,ROE14b,CS22888-002,2MASS_J23043723-3639579,'-2.93,'-2.43
913,BAR05,HE2304-4153,2MASS_J23070569-4137300,'-3.02,'-3.71
914,BAR05,HE2311+0129,2MASS_J23142138+0145242,'-2.78,'-2.49
915,REN12,HE2311+0129,2MASS_J23142138+0145242,'-2.78,'-2.33
916,AOK07a,CS30338-089,2MASS_J23154997+1019262,'-2.49,'-0.43
917,LAI07,CS30315-093,2MASS_J23161679-2508587,'-2.56,'-2.48
918,ALL12,CS22949-008,2MASS_J23165873-0320525,'-2.45,'-0.52
919,MAS12,CS22949-008b,2MASS_J23165873-0320525,'-2.19,'-0.58
920,MAS12,CS22949-008a,2MASS_J23165873-0320525,'-2.19,'-0.58
921,JAC15,2MASS_J23203653-3637223,2MASS_J23203653-3637223,'-2.63,'-2.71
922,BAR05,HE2319-0852,2MASS_J23221732-0836168,'-3.38,'-3.74
923,LAI07,CS22949-048,2MASS_J23260741-0550067,'-2.9,'-2.97
924,MCW95,CS22949-048,2MASS_J23260741-0550067,'-3.15,'-2.88
925,ROE14b,CS22949-048,2MASS_J23260741-0550067,'-3.55,'-3.38
927,JAC15,2MASS_J23261426-3719492,2MASS_J23261426-3719492,'-2.55,'-2.31
930,CAY04,CS22949-037,2MASS_J23262980-0239579,'-3.99,'-2.73
931,COH08,HE2323-0256,2MASS_J23262980-0239579,'-3.84,'-2.66
932,COH13,CS22949-037,2MASS_J23262980-0239579,'-3.93,'-2.8
933,MCW95,CS22949-037,2MASS_J23262980-0239579,'-3.97,'-2.98
934,NOR01,CS22949-037,2MASS_J23262980-0239579,'-3.79,'-2.5
935,NOR02,CS22949-037,2MASS_J23262980-0239579,'-3.79,'-2.5
936,ROE14a,CS22949-037,2MASS_J23262980-0239579,'-4.38,'-3.22
937,ROE14b,CS22949-037,2MASS_J23262980-0239579,'-4.38,'-3.22
940,BAR05,HE2325-0755,2MASS_J23275962-0739134,'-2.85,'-2.67
941,IVA03,CS22941-012,2MASS_J23282973-3248464,'-2.02,'-1.93
943,BAR05,HE2326+0038,2MASS_J23285696+0054362,'-2.78,'-2.59
944,REN12,HE2326+0038,2MASS_J23285696+0054362,'-2.77,'-2.42
945,BAR05,HE2327-5642,2MASS_J23303707-5626142,'-2.93,'-2.55
946,MAS10,HE2327-5642,2MASS_J23303707-5626142,'-2.78,'-2.69
947,REN12,HE2327-5642,2MASS_J23303707-5626142,'-2.95,'-2.4
948,BAR05,CS22945-028,2MASS_J23311355-6629578,'-2.66,'-2.5
949,REN12,CS22945-028,2MASS_J23311355-6629578,'-2.66,'-2.33
950,ROE14b,CS22945-028,2MASS_J23311355-6629578,'-2.92,'-2.75
951,BAR05,HE2329-3702,2MASS_J23321815-3645580,'-2.15,'-2.04
952,ROE14b,CS22941-017,2MASS_J23325017-3359254,'-3.11,'-2.94
953,AOK07a,HE2330-0555,2MASS_J23325479-0538505,'-2.82,'-0.73
954,BAR05,CS30315-029,2MASS_J23342669-2642140,'-3.33,'-3.8
955,SIQ14,CS30315-029,2MASS_J23342669-2642140,'-3.43,'-3.43
958,BON09,CS22966-011,2MASS_J23350705-3022543,'-3.07,'-2.5
960,BAR05,HE2333-1358,2MASS_J23354852-1341306,'-3.34,'-3.05
961,ROE14b,CS22945-024,2MASS_J23364248-6535437,'-2.58,'-0.28
964,BAR05,HE2334-0604,2MASS_J23372869-0547566,'-3.41,'-4.11
965,CAY04,CS22952-015,2MASS_J23372869-0547566,'-3.45,'-3.93
966,HON04,CS22952-015,2MASS_J23372869-0547566,'-2.93,'-3.03
967,MCW95,CS22952-015,2MASS_J23372869-0547566,'-3.36,<-3.33
968,ROE14b,CS22952-015,2MASS_J23372869-0547566,'-3.87,'-4.52
972,BAR05,CS30315-001,2MASS_J23373882-2621532,'-2.97,'-3.5
973,BAR05,HE2335-5958B,2MASS_J23381929-5942051,'-2.32,'-2.28
974,BAR05,HE2338-1618,2MASS_J23403639-1601267,'-2.64,'-2.21
975,REN12,HE2338-1618,2MASS_J23403639-1601267,'-2.65,'-2.06
976,BAR05,HE2338-1311,2MASS_J23410835-1255098,'-2.86,'-2.56
979,LAI09,J234723,2MASS_J23472364+0108335,'-3.17,'-3.36
980,BAR05,HE2345-1919,2MASS_J23475551-1902375,'-2.46,'-2.26
981,REN12,HE2345-1919,2MASS_J23475551-1902375,'-2.46,'-2.1
984,CAY04,CS22966-057,2MASS_J23485776-2939228,'-2.61,'-2.47
988,BAR05,HE2347-1448,2MASS_J23495834-1432155,'-2.31,'-1.85
990,BAR05,HE2347-1334,2MASS_J23502682-1317391,'-2.56,'-3.1
991,LAI07,CS29517-025,2MASS_J23542883-1359567,'-2.19,'-2.41
992,MAS12,CS29517-025,2MASS_J23542883-1359567,'-2.62,'-2.43
994,BAR05,CS22957-013,2MASS_J23554905-0522528,'-2.64,'-2.58
995,ROE14b,CS22957-013,2MASS_J23554905-0522528,'-2.98,'-2.99
997,AOK02c,CS22957-027,2MASS_J23591314-0353482,'-3.12,'-0.63
998,COH06,HE2356-0410,2MASS_J23591314-0353482,'-3.12,'-0.77
1000,PRE01,CS22957-027,2MASS_J23591314-0353482,'-2.96,'-0.67
1001,ROE14a,CS22957-027,2MASS_J23591314-0353482,'-3.19,'-0.58
1002,ROE14b,CS22957-027,2MASS_J23591314-0353482,'-3.19,'-0.58
1004,SIM10,Leo4-S1,ALW_Leo_I_4,'-3.19,<-3.27
1008,ROE14b,BD-012582,BD-01_2582,'-2.62,'-1.76
1033,BAR05,HE1320-1339,BD-13_3695,'-2.78,'-3.33
1034,ROE14b,HE1320-1339,BD-13_3695,'-3.18,'-3.9
1037,ROE14b,BD-155781,BD-15_5781,'-2.92,'-3.26
1040,BAR05,CS31082-001,BD-16_251,'-2.78,'-2.6
1041,CAY04,BD-16251,BD-16_251,'-2.9,'-2.6
1043,HIL02,CS31082-001,BD-16_251,'-2.9,'-2.61
1044,HON04,BD-16251,BD-16_251,'-2.8,'-2.59
1045,LAI07,BD-16251,BD-16_251,'-2.78,'-2.35
1046,REN12,CS31082-001,BD-16_251,'-2.78,'-2.44
1047,ROE14b,CS31082-001,BD-16_251,'-3.09,'-3.13
1058,CAY04,BD-185550,BD-18_5550,'-3.06,'-2.99
1059,HOL11,BD-185550,BD-18_5550,'-3.2,'-3.07
1061,MCW95,BD-185550,BD-18_5550,'-2.89,'-2.78
1062,ROE14b,BD-185550,BD-18_5550,'-3.2,'-3.15
1066,ROE14b,BD-206008,BD-20_6008,'-3.0,'-3.48
1071,LAI07,G20-8,BD+02_3375,'-2.25,'-2.12
1080,IVA03,G84-29a,BD+03_740,'-2.98,'-2.89
1081,IVA03,G84-29b,BD+03_740,'-2.76,'-2.67
1082,LAI08,G84-29,BD+03_740,'-2.7,'-2.03
1116,ROE10,BD+102495,BD+10_2495,'-2.31,'-2.51
1117,ROE14b,BD+102495,BD+10_2495,'-2.16,'-2.36
1128,CAY04,BD+173248,BD+17_3248,'-2.04,'-2.35
1129,COW02,BD+173248,BD+17_3248,'-2.06,'-2.43
1150,LAI07,G170-47,BD+23_3130,'-2.59,'-2.16
1151,LAI08,G170-47,BD+23_3130,'-2.57,'-2.38
1152,ROE14b,BD+233130,BD+23_3130,'-2.93,'-2.94
1157,IVA03,BD+241676,BD+24_1676,'-2.5,'-2.41
1158,LAI08,BD+241676,BD+24_1676,'-2.62,'-2.13
1160,ROE14b,BD+241676,BD+24_1676,'-2.7,'-2.24
1180,LAI07,G101-29,BD+37_1458,'-2.01,'-1.58
1183,ROE14b,G190-15,BD+38_4955,'-3.12,'-2.68
1188,ITO09,BD+44493,BD+44_493,'-3.73,'-2.41
1189,ITO13,BD+44493,BD+44_493,'-3.83,'-2.48
1190,PLA14b,BD+44493,BD+44_493,'-3.88,'-2.65
1191,ROE14a,BD+44493,BD+44_493,'-4.28,'-3.08
1192,ROE14b,BD+44493,BD+44_493,'-4.28,'-3.08
1199,IVA03,G251-54,BD+80_245,'-2.09,'-2.0
1200,ROE14b,BD+80245,BD+80_245,'-2.04,'-1.82
1201,LAI07,BS16077-007,BPS_BS_16077-0007,'-2.82,'-1.69
1202,LAI08,BS16077-007,BPS_BS_16077-0007,'-2.71,'-2.03
1205,HAN11,CS30317-056,BPS_BS_16477-0021,'-2.85,<-1.94
1206,LAI07,BS16543-092,BPS_BS_16543-0092,'-2.36,'-3.23
1215,BON09,BS16968-061,BPS_BS_16968-0061,'-3.05,'-2.48
1219,LAI07,BS16972-003,BPS_BS_16972-0003,'-2.42,<-2.29
1221,LAI07,BS17446-025,BPS_BS_17446-0025,'-2.38,<-2.25
1222,LAI07,BS17570-090,BPS_BS_17570-0090,'-2.6,<-2.47
1223,ROE14b,CS22169-008,BPS_CS_22169-0008,'-2.85,'-2.67
1224,ROE14b,CS22171-031,BPS_CS_22171-0031,'-2.54,'-2.18
1225,ROE14b,CS22171-037,BPS_CS_22171-0037,'-3.63,<-2.33
1226,LAI07,CS22174-012,BPS_CS_22174-0012,'-2.52,'-3.09
1227,ROE14b,CS22174-020,BPS_CS_22174-0020,'-3.29,<-2.53
1228,ROE14b,CS22177-010,BPS_CS_22177-0010,'-3.0,<-2.28
1231,PRE06,CS22191-029,BPS_CS_22191-0029,'-2.71,'-2.46
1232,ROE14b,CS22191-029,BPS_CS_22191-0029,'-2.94,<-1.98
1233,MCW95,CS22783-055,BPS_CS_22783-0055,'-2.86,'-3.33
1234,ROE14b,CS22871-104,BPS_CS_22871-0104,'-2.2,<-1.38
1235,LAI08,CS22872-0102,BPS_CS_22872-0102,'-2.86,'-2.18
1236,ROE14b,CS22872-102,BPS_CS_22872-0102,'-2.85,'-2.2
1237,ROE14b,CS22873-072,BPS_CS_22873-0072,'-3.08,'-2.42
1241,CAY04,CS22873-0166,BPS_CS_22873-0166,'-2.92,'-3.01
1242,HOL11,CS22873-166,BPS_CS_22873-0166,'-3.14,'-3.11
1243,MCW95,CS22873-0166,BPS_CS_22873-0166,'-2.88,'-2.98
1246,ROE14b,CS22874-123,BPS_CS_22874-0123,'-2.79,'-2.07
1247,PRE06,CS22875-029,BPS_CS_22875-0029,'-2.65,'-2.4
1248,ROE14b,CS22875-029,BPS_CS_22875-0029,'-2.71,<-1.73
1250,MCW95,CS22877-011,BPS_CS_22877-0011,'-2.9,'-2.83
1251,ROE14b,CS22877-011,BPS_CS_22877-0011,'-3.23,'-2.99
1252,ROE14b,CS22877-015,BPS_CS_22877-0015,'-2.12,'-1.84
1253,ROE14b,CS22877-051,BPS_CS_22877-0051,'-3.03,<-2.43
1254,ROE14b,CS22878-002,BPS_CS_22878-0002,'-2.97,'-2.52
1255,LAI08,CS22878-027,BPS_CS_22878-0027,'-2.47,'-1.53
1256,ROE14b,CS22878-027,BPS_CS_22878-0027,'-2.92,'-2.31
1257,ROE14b,CS22879-012,BPS_CS_22879-0012,'-3.01,'-2.65
1258,ROE14b,CS22879-029,BPS_CS_22879-0029,'-2.55,'-1.09
1259,ROE14b,CS22879-051,BPS_CS_22879-0051,'-3.02,<-2.08
1260,ROE14b,CS22879-094,BPS_CS_22879-0094,'-3.15,'-2.86
1261,PRE06,CS22879-097,BPS_CS_22879-0097,'-2.43,'-1.93
1262,ROE14b,CS22879-097,BPS_CS_22879-0097,'-2.66,<-2.13
1263,PRE06,CS22879-103,BPS_CS_22879-0103,'-2.08,'-2.03
1264,ROE14b,CS22879-103,BPS_CS_22879-0103,'-2.16,'-2.05
1266,ROE14b,CS22880-067,BPS_CS_22880-0067,'-3.23,'-2.78
1267,LAI07,CS22880-086,BPS_CS_22880-0086,'-2.42,'-2.09
1268,LAI08,CS22880-086,BPS_CS_22880-0086,'-3.0,'-2.68
1269,ROE14b,CS22880-086,BPS_CS_22880-0086,'-3.28,'-3.1
1270,ROE14b,CS22881-032,BPS_CS_22881-0032,'-3.55,<-2.78
1271,HAN11,CS22881-039,BPS_CS_22881-0039,'-2.75,<-1.94
1273,ROE14b,CS22881-039,BPS_CS_22881-0039,'-2.79,<-1.33
1274,ROE14b,CS22881-070,BPS_CS_22881-0070,'-2.96,<-2.33
1276,ROE14b,CS22884-020,BPS_CS_22884-0020,'-2.48,'-2.11
1278,ROE14b,CS22885-040,BPS_CS_22885-0040,'-2.78,'-2.2
1280,ROE14b,CS22885-203,BPS_CS_22885-0203,'-2.73,'-2.52
1281,ROE14b,CS22886-012,BPS_CS_22886-0012,'-2.88,'-2.77
1284,BON09,CS22888-031,BPS_CS_22888-0031,'-3.3,'-2.8
1285,ROE14b,CS22888-031,BPS_CS_22888-0031,'-3.71,'-2.79
1287,PRE06,CS22888-047,BPS_CS_22888-0047,'-2.37,'-2.12
1288,ROE14b,CS22888-047,BPS_CS_22888-0047,'-2.54,<-1.63
1290,ROE14b,CS22889-050,BPS_CS_22889-0050,'-3.09,<-2.33
1291,ROE14b,CS22890-011,BPS_CS_22890-0011,'-2.68,<-2.23
1292,ROE14b,CS22891-221,BPS_CS_22891-0221,'-3.23,'-2.79
1294,ROE14b,CS22892-025,BPS_CS_22892-0025,'-2.78,'-2.02
1296,ROE14b,CS22893-005,BPS_CS_22893-0005,'-2.99,'-2.88
1297,LAI07,CS22893-010,BPS_CS_22893-0010,'-2.38,'-1.95
1298,ROE14a,CS22893-010,BPS_CS_22893-0010,'-3.12,'-2.81
1299,ROE14b,CS22893-010,BPS_CS_22893-0010,'-3.12,'-2.81
1300,ROE14b,CS22893-011,BPS_CS_22893-0011,'-2.4,'-2.06
1301,ROE14b,CS22894-004,BPS_CS_22894-0004,'-2.96,'-2.54
1302,ROE14b,CS22894-019,BPS_CS_22894-0019,'-2.98,'-2.66
1304,ROE14b,CS22894-049,BPS_CS_22894-0049,'-2.84,'-2.42
1305,ROE14b,CS22896-015,BPS_CS_22896-0015,'-2.85,'-2.76
1306,ROE14b,CS22896-055,BPS_CS_22896-0055,'-2.52,<-1.63
1307,PRE06,CS22896-110,BPS_CS_22896-0110,'-2.69,'-2.44
1308,ROE14b,CS22896-110,BPS_CS_22896-0110,'-2.85,'-2.66
1309,ROE14b,CS22896-115,BPS_CS_22896-0115,'-2.82,'-2.44
1310,ROE14b,CS22896-136,BPS_CS_22896-0136,'-2.41,'-1.11
1314,ROE14b,CS22898-043,BPS_CS_22898-0043,'-2.83,<-1.63
1315,ROE14b,CS22898-047,BPS_CS_22898-0047,'-3.51,'-3.11
1317,PRE06,CS22940-077,BPS_CS_22940-0077,'-2.93,'-2.68
1318,ROE14b,CS22940-077,BPS_CS_22940-0077,'-3.1,<-2.78
1319,PRE06,CS22940-121,BPS_CS_22940-0121,'-2.89,'-2.64
1320,ROE14b,CS22940-121,BPS_CS_22940-0121,'-3.14,<-3.26
1323,ROE14b,CS22941-027,BPS_CS_22941-0027,'-2.71,<-1.48
1326,ROE14b,CS22943-059,BPS_CS_22943-0059,'-2.95,'-2.73
1327,ROE14b,CS22943-132,BPS_CS_22943-0132,'-2.63,'-1.98
1329,ROE14a,CS22943-201,BPS_CS_22943-0201,'-2.68,'-0.8
1330,ROE14b,CS22943-201,BPS_CS_22943-0201,'-2.68,'-0.8
1331,ROE14b,CS22944-014,BPS_CS_22944-0014,'-2.64,'-2.19
1332,ROE14b,CS22944-061,BPS_CS_22944-0061,'-2.96,'-2.52
1333,ROE14b,CS22945-017,BPS_CS_22945-0017,'-2.89,'-0.95
1335,ROE14b,CS22945-031,BPS_CS_22945-0031,'-3.29,'-2.7
1337,ROE14b,CS22945-056,BPS_CS_22945-0056,'-2.82,<-1.23
1338,ROE14b,CS22945-058,BPS_CS_22945-0058,'-2.98,<-2.03
1340,ROE14b,CS22945-063,BPS_CS_22945-0063,'-2.84,<-1.93
1342,MAS12,CS22947-187,BPS_CS_22947-0187,'-2.61,'-1.48
1343,MCW95,CS22947-187,BPS_CS_22947-0187,'-2.47,'-1.33
1344,ROE14b,CS22947-187,BPS_CS_22947-0187,'-2.58,'-1.33
1349,ROE10,CS22948-093,BPS_CS_22948-0093,'-3.36,<-1.53
1350,ROE14b,CS22948-093,BPS_CS_22948-0093,'-3.32,<-1.68
1353,ROE14b,CS22949-030,BPS_CS_22949-0030,'-3.01,'-2.36
1354,ROE14b,CS22951-005,BPS_CS_22951-0005,'-2.74,'-2.4
1355,ROE14b,CS22951-059,BPS_CS_22951-0059,'-2.84,'-2.67
1356,ROE14b,CS22894-023,BPS_CS_22952-0011,'-3.14,<-2.43
1357,ROE14b,CS22954-004,BPS_CS_22954-0004,'-3.0,'-2.75
1360,PRE06,CS22955-174,BPS_CS_22955-0174,'-2.89,'-2.64
1361,ROE14b,CS22955-174,BPS_CS_22955-0174,'-3.1,'-2.6
1362,ROE14b,CS22956-015,BPS_CS_22956-0015,'-2.81,'-2.27
1363,ROE14b,CS22956-021,BPS_CS_22956-0021,'-2.73,'-2.36
1365,ROE14b,CS22956-062,BPS_CS_22956-0062,'-2.75,'-2.54
1366,ROE14b,CS22956-081,BPS_CS_22956-0081,'-2.71,<-1.63
1367,ROE14b,CS22956-102,BPS_CS_22956-0102,'-2.39,'-0.18
1368,ROE14b,CS22956-106,BPS_CS_22956-0106,'-2.69,<-1.43
1369,ROE14b,CS22956-110,BPS_CS_22956-0110,'-3.15,<-1.48
1370,ROE14b,CS22956-114,BPS_CS_22956-0114,'-3.19,'-3.91
1371,ROE14b,CS22957-019,BPS_CS_22957-0019,'-2.43,'-2.08
1372,ROE14b,CS22957-024,BPS_CS_22957-0024,'-2.91,'-2.13
1373,ROE14b,CS22957-036,BPS_CS_22957-0036,'-2.28,'-2.05
1374,ROE14b,CS22958-037,BPS_CS_22958-0037,'-2.51,<-2.18
1375,ROE14b,CS22958-041,BPS_CS_22958-0041,'-3.1,<-2.03
1376,ROE14b,CS22958-052,BPS_CS_22958-0052,'-2.62,'-2.1
1378,ROE14b,CS22958-065,BPS_CS_22958-0065,'-2.29,'-1.91
1379,ROE14b,CS22958-074,BPS_CS_22958-0074,'-2.67,'-2.22
1380,ROE14b,CS22959-074,BPS_CS_22959-0074,'-2.6,'-2.81
1381,ROE14b,CS22959-139,BPS_CS_22959-0139,'-2.67,'-2.26
1382,BAR05,CS22960-010,BPS_CS_22960-0010,'-2.65,'-1.87
1383,ROE14b,CS22960-010,BPS_CS_22960-0010,'-3.02,'-2.41
1384,ROE14b,CS22960-029,BPS_CS_22960-0029,'-3.05,'-2.6
1386,ROE14b,CS22964-115,BPS_CS_22964-0115,'-2.82,'-2.34
1387,ROE14b,CS22964-176,BPS_CS_22964-0176,'-2.56,'-2.31
1388,ROE14b,CS22964-183,BPS_CS_22964-0183,'-3.01,'-2.18
1390,ROE14b,CS22964-214,BPS_CS_22964-0214,'-2.95,'-2.22
1391,LAI07,CS22965-029,BPS_CS_22965-0029,'-2.31,'-2.78
1394,BON09,CS22965-054,BPS_CS_22965-0054,'-3.04,'-2.3
1395,LAI08,CS22965-054,BPS_CS_22965-0054,'-3.08,<-1.93
1396,ROE14b,CS22965-054,BPS_CS_22965-0054,'-3.17,'-2.15
1399,PRE06,CS22968-001,BPS_CS_22968-0001,'-3.01,'-2.53
1400,ROE14b,CS22968-001,BPS_CS_22968-0001,'-3.12,'-2.55
1401,ROE14b,CS22968-026,BPS_CS_22968-0026,'-2.57,'-2.42
1402,ROE14b,CS22968-029,BPS_CS_22968-0029,'-3.1,'-2.64
1403,ROE14b,CS29493-023,BPS_CS_29493-0023,'-2.89,'-2.48
1404,ROE14b,CS29493-050,BPS_CS_29493-0050,'-2.92,'-2.08
1405,ROE14b,CS29493-062,BPS_CS_29493-0062,'-2.76,'-2.5
1406,ROE14b,CS29493-094,BPS_CS_29493-0094,'-2.66,'-2.35
1407,ROE14b,CS29495-005,BPS_CS_29495-0005,'-2.44,'-2.3
1408,LAI07,CS29497-040,BPS_CS_29497-0040,'-2.8,'-2.32
1409,ROE14b,CS29499-003,BPS_CS_29499-0003,'-2.51,'-2.25
1410,ROE14b,CS29499-058,BPS_CS_29499-0058,'-2.81,'-2.22
1411,ROE14b,CS29501-032,BPS_CS_29501-0032,'-2.92,'-2.59
1412,PRE06,CS22937-072,BPS_CS_29501-0051,'-2.74,'-2.23
1413,ROE14b,CS22937-072,BPS_CS_29501-0051,'-2.72,'-2.76
1414,ROE14b,CS29504-004,BPS_CS_29504-0004,'-2.38,<0.62
1417,BON09,CS29506-007,BPS_CS_29506-0007,'-2.91,'-2.3
1418,LAI08,CS29506-007,BPS_CS_29506-0007,'-2.84,<-1.93
1419,ROE14b,CS29506-007,BPS_CS_29506-0007,'-3.24,<-2.43
1424,BON09,CS29506-090,BPS_CS_29506-0090,'-2.83,'-2.3
1425,ROE14b,CS29506-090,BPS_CS_29506-0090,'-3.21,'-2.57
1428,ROE14b,CS22886-003,BPS_CS_29512-0030,'-2.92,'-2.38
1429,ALL12,CS29512-073,BPS_CS_29512-0073,'-2.06,'-0.39
1431,MAS12,CS29512-073,BPS_CS_29512-0073,'-2.14,'-0.88
1432,ROE14b,CS29513-003,BPS_CS_29513-0003,'-2.47,'-2.51
1433,ROE14b,CS29513-014,BPS_CS_29513-0014,'-2.32,'-1.29
1434,ROE14b,CS29513-015,BPS_CS_29513-0015,'-2.63,'-2.25
1435,ROE10,CS29513-031,BPS_CS_29513-0031,'-2.64,<-1.33
1436,ROE14b,CS29513-031,BPS_CS_29513-0031,'-2.67,<-1.35
1437,ROE10,CS29513-032,BPS_CS_29513-0032,'-2.08,'-1.34
1438,ROE14b,CS29517-018,BPS_CS_29517-0018,'-2.78,'-2.36
1439,ROE14b,CS29517-042,BPS_CS_29517-0042,'-2.53,'-2.27
1440,LAI08,CS29522-046,BPS_CS_29522-0046,'-2.08,'-1.58
1441,SIV06,CS29528-041,BPS_CS_29528-0041,'-3.3,'-1.73
1442,LAI07,CS30306-082,BPS_CS_30306-0082,'-2.6,'-2.22
1444,ROE14b,CS22890-064,BPS_CS_30306-0117,'-3.12,<-2.28
1446,ROE14b,CS30312-044,BPS_CS_30312-0044,'-3.22,'-3.1
1447,LAI07,CS30320-069,BPS_CS_30320-0069,'-2.02,'-1.69
1451,ROE14b,CS30339-073,BPS_CS_30339-0073,'-3.93,'-3.73
1453,ROE14b,CS30492-016,BPS_CS_30492-0016,'-3.3,'-2.65
1454,ROE14b,CS22888-014,BPS_CS_30493-0023,'-2.73,<-2.03
1455,ROE14b,CS30493-071,BPS_CS_30493-0071,'-2.82,'-2.47
1457,LAI07,CS31061-062,BPS_CS_31063-0069,'-2.62,<-2.49
1458,LAI07,CS31069-064,BPS_CS_31069-0064,'-2.19,'-1.86
1459,LAI07,CS31085-024,BPS_CS_31085-0024,'-3.3,'-3.12
1460,LAI08,CS31085-024,BPS_CS_31085-0024,'-2.67,'-2.23
1462,AOK07a,CS29497-034,C*_26,'-2.96,'-0.23
1463,BAB05,CS29497-034,C*_26,'-2.9,'-0.19
1478,ROE14b,HE0336-2412,CD-24_1782,'-3.05,'-2.9
1480,IVA05,CS29497-030,CD-24_266,'-2.57,0.03
1482,ROE14b,CS29497-030,CD-24_266,'-2.52,'-0.15
1483,SIV04,CS29497-030,CD-24_266,'-2.77,'-0.23
1487,HAN15,HE0054-2542,CD-26_304,'-2.48,'-0.35
1488,PRE01,CS22942-019,CD-26_304,'-2.67,'-0.38
1490,ROE14b,HE0056-3022,CD-30_298,'-3.77,'-3.52
1492,ROE14b,CS29509-027,CD-31_306,'-2.42,'-0.68
1493,LI13,TYC7253-632-1,CD-32_9096,'-2.13,'-3.06
1505,CAY04,CD-38245,CD-38_245,'-4.2,<0.09
1506,MCW95,CD-38245,CD-38_245,'-3.99,<-3.93
1507,NOR01,CD-38245,CD-38_245,'-3.98,<-3.74
1508,NOR02,CD-38245,CD-38_245,'-3.98,<-3.74
1509,ROE14b,CD-38245,CD-38_245,'-4.59,<-4.78
1519,PRE06,CS22891-184,DENIS_J192612.3-603406,'-2.59,'-2.33
1520,ROE14b,CS22891-184,DENIS_J192612.3-603406,'-2.68,<-2.33
1521,PRE06,CS22951-077,DENIS_J215753.2-430808,'-2.43,'-2.53
1522,ROE14b,CS22951-077,DENIS_J215753.2-430808,'-2.54,'-2.95
1523,JI16b,Star3,DES_J033447.94-540525.0,'-2.91,'-2.71
1524,ROE16a,Star1(Ret2-80),DES_J033447.94-540525.0,'-2.76,'-2.51
1525,JI16b,Star9,DES_J033454.24-540558.0,'-2.77,'-1.92
1526,JI16b,Star8,DES_J033457.57-540531.4,'-2.08,'-1.73
1527,JI16b,Star1,DES_J033523.85-540407.5,'-3.01,'-2.36
1528,ROE16a,Star2,DES_J033523.85-540407.5,'-2.95,'-2.35
1529,JI16b,Star4,DES_J033531.14-540148.2,'-3.34,'-3.14
1530,ROE16a,Star3(Ret2-115),DES_J033531.14-540148.2,'-3.42,'-3.29
1531,JI16b,Star6,DES_J033537.06-540401.2,'-2.73,'-2.58
1532,JI16b,Star5,DES_J033548.04-540349.8,'-2.19,'-1.69
1533,JI16b,Star7,DES_J033556.28-540316.3,'-3.54,<-2.34
1534,JI16b,Star2,DES_J033607.75-540235.6,'-2.97,'-2.57
1535,ROE16a,Star4(Ret2-178),DES_J033607.75-540235.6,'-2.93,'-2.67
1536,ROE14b,G10-54,G_10-54,'-2.29,'-2.58
1542,ROE14b,G122-69,G_122-69,'-2.78,<-1.83
1546,ROE14b,G25-22,G_145-28,'-2.33,'-2.58
1551,ROE14b,G166-47,G_166-47,'-2.46,'-2.08
1554,ROE14b,G214-1,G_214-1,'-2.29,'-2.41
1558,ROE14b,G238-30,G_238-30,'-3.38,<-2.23
1561,ROE14b,G25-24,G_25-24,'-2.11,'-2.03
1563,ROE14b,CS22180-014,G_272-44,'-2.86,'-2.38
1567,AOK14,G39-36,G_39-36,'-2.09,'-2.23
1569,ROE14b,G4-36,G_4-36,'-2.17,'-1.91
1571,ROE14b,G4-37,G_4-37,'-2.73,'-2.24
1573,ROE14b,G75-56,G_75-56,'-2.35,'-2.03
1575,ROE14b,G90-3,G_90-3,'-2.4,'-2.49
1578,ROE14b,CS29514-007,GD_678,'-2.83,'-1.94
1591,ROE14b,HD106373,HD_106373,'-2.61,<-1.68
1609,ROE14b,HD108317,HD_108317,'-2.62,'-2.62
1622,HON04,HD110184,HD_110184,'-2.51,'-3.06
1630,HON04,HD115444,HD_115444,'-2.84,'-3.13
1632,LAI07,HD115444,HD_115444,'-2.86,'-2.88
1636,WES00,HD115444,HD_115444,'-2.96,'-2.97
1645,ROE10,HD119516,HD_119516,'-2.26,<-2.57
1649,AFS16,HD122563,HD_122563,'-2.92,'-3.2
1650,AFS16,HD122563-IR,HD_122563,'-2.9,'-3.07
1653,AOK02a,HD122563,HD_122563,'-2.64,'-2.98
1654,AOK05,HD122563,HD_122563,'-2.62,'-3.03
1655,AOK07c,HD122563,HD_122563,'-2.64,'-2.98
1658,CAY04,HD122563,HD_122563,'-2.78,'-3.2
1661,HOL11,HD122563,HD_122563,'-2.96,'-3.18
1662,HON04,HD122563,HD_122563,'-2.76,'-3.05
1666,LAI07,HD122563,HD_122563,'-2.54,'-2.81
1667,NOR02,HD122563,HD_122563,'-2.68,'-2.89
1668,NOR97b,HD122563,HD_122563,'-2.68,'-2.89
1671,ROE14b,HD122563,HD_122563,'-2.97,'-3.37
1676,WES00,HD122563,HD_122563,'-2.72,'-3.07
1684,HON04,HIP70647,HD_126587,'-2.77,'-2.46
1686,MCW95,HD126587,HD_126587,'-2.83,'-2.58
1688,ROE14b,HD126587,HD_126587,'-3.29,'-3.23
1698,MCW95,HD128279,HD_128279,'-2.06,'-2.13
1699,ROE10,HD128279,HD_128279,'-2.51,'-2.52
1702,ROE14b,HD128279,HD_128279,'-2.52,'-2.56
1720,MCW95,HD13979,HD_13979,'-2.63,<-3.13
1721,ROE14b,HD13979,HD_13979,'-2.97,'-3.89
1724,AOK02b,HD140283,HD_140283,'-2.58,'-2.13
1732,HON04,HD140283,HD_140283,'-2.52,'-2.12
1772,ROE14b,HD175606,HD_175606,'-2.39,'-2.15
1774,MCW95,HD178443,HD_178443,'-2.05,'-2.33
1782,CAY04,HD186478,HD_186478,'-2.57,'-2.8
1784,HON04,HD186478,HD_186478,'-2.49,'-2.62
1786,MCW95,HD186478,HD_186478,'-2.56,'-2.73
1788,ROE14b,HD186478,HD_186478,'-2.75,'-3.16
1802,ROE14b,HD19445,HD_19445,'-2.29,'-2.01
1810,AOK02d,HD196944,HD_196944,'-2.25,'-0.96
1812,PLA15b,HD196944,HD_196944,'-2.41,'-1.33
1813,PLA15b,HD196944NUV,HD_196944,'-2.41,'-1.33
1814,ROE14b,HD196944,HD_196944,'-2.39,'-1.2
1820,MCW95,CD-5013237,HD_200654,'-2.8,'-2.53
1821,ROE14b,HD200654,HD_200654,'-3.13,'-2.75
1840,ROE14b,HD214362,HD_214362,'-2.06,<-2.23
1852,BAR05,HD221170,HD_221170,'-2.15,'-2.75
1855,IVA06,HD221170,HD_221170,'-2.16,'-2.76
1870,ROE10,HD237846,HD_237846,'-3.29,'-3.01
1871,ROE14b,HD237846,HD_237846,'-3.21,'-3.06
1879,ROE14b,HD26169,HD_26169,'-2.8,'-2.66
1888,CAY04,HD2796,HD_2796,'-2.45,'-2.88
1889,MCW95,HD2796,HD_2796,'-2.49,'-2.93
1907,ROE14b,HD338529,HD_338529,'-2.6,'-2.3
1909,ROE14b,HD340279,HD_340279,'-3.07,'-2.52
1921,HON04,HIP3554,HD_4306,'-2.88,'-2.65
1922,HON11,HIP3554,HD_4306,'-2.86,'-2.65
1923,MCW95,HIP3554,HD_4306,'-2.85,'-2.48
1936,MCW95,HD5426,HD_5426,'-2.39,'-2.43
1942,HON04,HD6268,HD_6268,'-2.62,'-3.17
1943,MCW95,HD6268,HD_6268,'-2.56,'-3.13
1945,ROE14b,HD6268,HD_6268,'-2.82,'-3.6
1953,ROE14b,HD64090,HD_64090,'-2.03,'-2.0
2001,HON04,HD88609,HD_88609,'-3.06,'-3.45
2004,ROE14b,HD88609,HD_88609,'-3.29,'-3.73
2018,PLA14a,HE0048-6408,HE_0048-6408,'-3.75,'-4.03
2019,YON13,HE0057-5959,HE_0057-5959,'-4.08,'-3.22
2020,COL06,HE0107-5240,HE_0107-5240,'-5.44,'-1.62
2021,COL06,"HE0107-5240 (3D)",HE_0107-5240,'-5.67,'-2.64
2022,PLA14a,HE0139-2826,HE_0139-2826,'-3.46,'-2.98
2023,YON13,HE0228-4047,HE_0228-4047,'-3.75,<-1.87
2024,YON13,HE0231-6025,HE_0231-6025,'-3.1,<-1.47
2025,YON13,HE0253-1331,HE_0253-1331,'-3.01,<-1.37
2026,HOL11,HE0302-3417a,HE_0302-3417a,'-3.7,'-3.22
2027,YON13,HE0314-1739,HE_0314-1739,'-2.86,<-1.37
2028,HOL11,HE0324+0152a,HE_0324+0152a,'-3.32,'-3.14
2029,YON13,HE0355-3728,HE_0355-3728,'-3.41,<-1.27
2030,HOL11,HE0420+0123a,HE_0420+0123a,'-3.03,'-2.7
2031,HOL11,HE0432-1005a,HE_0432-1005a,'-3.21,'-2.98
2032,HAN15,HE0440-1049,HE_0440-1049,'-3.02,'-2.33
2033,HAN15,HE0450-4902,HE_0450-4902,'-3.07,'-1.04
2035,HAN15,HE0945-1435,HE_0945-1435,'-3.87,<-1.87
2036,YON13,HE0945-1435,HE_0945-1435,'-3.77,<-2.07
2037,YON13,HE1055+0104,HE_1055+0104,'-2.87,<-1.67
2038,YON13,HE1116-0054,HE_1116-0054,'-3.49,<-1.77
2039,YON13,HE1142-1422,HE_1142-1422,'-2.84,<-1.27
2040,YON13,HE1201-1512,HE_1201-1512,'-3.86,'-2.72
2041,YON13,HE1204-0744,HE_1204-0744,'-2.71,<-1.17
2042,YON13,HE1207-3108,HE_1207-3108,'-2.7,<-2.97
2043,HAN15,HE1241-2907,HE_1241-2907,'-3.0,<-1.0
2044,COH13,HE1245-0215,HE_1245-0215,'-2.85,'-1.07
2045,YON13,HE1320-2952,HE_1320-2952,'-3.69,<-3.17
2048,FRE08,HE1327-2326,HE_1327-2326,'-5.71,'-1.53
2049,FRE08,"HE1327-2326 (3D)",HE_1327-2326,'-6.01,'-2.22
2050,YON13,HE1402-0523,HE_1402-0523,'-3.17,<-1.67
2051,YON13,HE1506-0113,HE_1506-0113,'-3.54,'-2.07
2052,YON13,HE2020-5228,HE_2020-5228,'-2.93,<-1.27
2053,YON13,HE2032-5633,HE_2032-5633,'-3.63,<-1.27
2054,YON13,HE2047-5612,HE_2047-5612,'-3.14,<-1.77
2055,YON13,HE2135-1924,HE_2135-1924,'-3.31,<-1.57
2056,YON13,HE2136-6030,HE_2136-6030,'-2.88,<-1.17
2057,PLA13,HE2138-3336,HE_2138-3336,'-2.79,'-0.35
2058,YON13,HE2139-5432,HE_2139-5432,'-4.02,'-1.42
2059,YON13,HE2141-0726,HE_2141-0726,'-2.72,<-1.17
2062,CAY04,CS22948-066,HE_2141-3741,'-3.15,'-3.05
2063,MCW95,CS22948-066,HE_2141-3741,'-3.01,'-3.43
2064,PLA14a,HE2141-3741,HE_2141-3741,'-3.3,'-3.23
2065,ROE14a,CS22948-066,HE_2141-3741,'-3.5,'-3.93
2066,ROE14b,CS22948-066,HE_2141-3741,'-3.5,'-3.93
2069,YON13,HE2142-5656,HE_2142-5656,'-2.87,'-1.92
2070,AOK05,CS30327-038,HE_2157-3404,'-2.64,<-2.83
2071,PLA14a,HE2157-3404,HE_2157-3404,'-2.89,'-3.43
2072,YON13,HE2202-4831,HE_2202-4831,'-2.78,'-0.37
2073,HAN15,HE2208-1239,HE_2208-1239,'-2.88,'-1.58
2074,PLA14a,HE2233-4724,HE_2233-4724,'-3.65,'-4.13
2075,HOL11,HE2238-0131,HE_2238-0131,'-3.0,'-3.42
2076,YON13,HE2246-2410,HE_2246-2410,'-2.96,<-1.57
2077,YON13,HE2247-7400,HE_2247-7400,'-2.87,'-2.17
2078,PLA13,HE2258-6358,HE_2258-6358,'-2.67,'-0.25
2079,HOL11,HE2302-2154a,HE_2302-2154a,'-3.88,'-3.5
2080,PLA14a,HE2318-1621,HE_2318-1621,'-3.67,'-3.13
2081,PLA14a,HE2323-6549,HE_2323-6549,'-3.35,'-2.63
2082,HAN15,HE2331-7155,HE_2331-7155,'-3.68,'-2.34
2084,COH09,Draco3157,Irwin_Dra_21275,'-2.5,'-2.58
2085,KOC15,896-37860,J183025.73-343130.0,'-2.07,'-2.23
2086,KOC15,941-27793,J183113.29-335148.3,'-2.52,'-1.08
2087,KOC15,872-13971,J183256.52-344529.3,'-2.31,'-2.33
2088,KOC15,873-17221,J183426.75-345554.4,'-2.66,'-2.57
2089,KOC15,874-24995,J183558.75-345839.1,'-2.5,'-2.76
2090,LI15b,LAMOSTJ1109+0754,LAMOST_J110901.22+075441.8,'-3.41,'-3.98
2091,LI15c,LAMOSTJ1253+0753,LAMOST_J125346.09+075343.1,'-4.02,'-2.43
2092,LAI07,CS22962-006,LAWD_10,'-2.25,<-2.12
2093,ROE14b,G180-58,LHS_3199,'-2.6,'-2.22
2094,ROE14b,G115-49,LHS_6161,'-2.61,'-2.59
2098,LAI07,BS16547-006,LP_622-13,'-2.43,'-1.65
2100,AOK01,LP625-44,LP_625-44,'-2.72,'-0.43
2101,AOK02b,LP625-44,LP_625-44,'-2.72,'-0.33
2102,NOR97b,LP625-44,LP_625-44,'-2.68,'-0.49
2112,AOK01,LP706-7,LP_706-7,'-2.75,'-0.47
2113,AOK02d,CS31062-012,LP_706-7,'-2.55,'-0.36
2114,AOK08,LP706-7,LP_706-7,'-2.58,'-0.43
2115,NOR97b,G270-51,LP_706-7,'-2.74,'-0.35
2128,ROE08,HKII17435-00532,HKII_17435-00532,'-2.23,'-1.46
2130,AOK13,SDSSJ091243.72+021623.7,SDSS_J0912+0216,'-2.68,'-0.63
2131,BEH10,SDSSJ091243.72+021623.7,SDSS_J0912+0216,'-2.53,'-0.26
2132,AOK13,SDSSJ103649.93+121219.8,SDSS_J1036+1212,'-3.47,'-1.63
2133,BEH10,SDSSJ103649.93+121219.8,SDSS_J1036+1212,'-3.23,'-1.66
2134,AOK13,SDSSJ134913.54-022942.8,SDSS_J1349-0229,'-3.24,'-0.23
2135,BEH10,SDSSJ134913.54-022942.8,SDSS_J1349-0229,'-3.03,'-0.11
2136,KEL14,SMSSJ031300.36-670839.3,SMSS_J031300.36-670839.3,<-7.3,'-2.28
2148,ROE14b,G206-34,Ross_711,'-3.17,'-2.59
2163,BAR05,HE0938+0114,Ross_889,'-2.51,'-1.89
2168,ROE14b,HE0938+0114,Ross_889,'-3.09,<-2.48
2172,ROE14b,CS29514-018,SB_467,'-2.84,'-2.56
2175,BON09,CS29499-060,SB_966,'-2.7,'-2.2
2176,ROE14b,CS29499-060,SB_966,'-2.79,'-2.25
2180,AOK13,SDSSJ000219.87+292851.8,SDSS_J000219.87+292851.8,'-3.26,'-0.63
2182,AOK14,SDSSJ001820.51-093939.2,SDSS_J001820.51-093939.2,'-2.65,'-3.53
2201,AOK13,SDSSJ025956.45+005713.3,SDSS_J025956.45+005713.3,'-3.31,'-3.33
2202,AOK13,SDSSJ030839.27+050534.9,SDSS_J030839.27+050534.9,'-2.19,0.17
2206,AOK13,SDSSJ035111.27+102643.2,SDSS_J035111.26+102643.2,'-3.18,'-1.63
2210,AOK13,SDSSJ062947.45+830328.6,SDSS_J062947.45+830328.6,'-2.82,'-0.73
2212,AOK13,SDSSJ072352.21+363757.2,SDSS_J072352.21+363757.2,'-3.32,'-1.53
2214,AOK13,SDSSJ074104.22+670801.8,SDSS_J074104.21+670801.7,'-2.87,'-2.13
2232,AOK13,SDSSJ085833.35+354127.3,SDSS_J085833.35+354127.2,'-2.53,'-2.23
2240,SPI13,SDSSJ111407.07+182831.7,SDSS_J111407.07+182831.7,'-3.33,'-0.03
2245,SPI13,SDSSJ114323.42+202058.0,SDSS_J114323.42+202058.0,'-3.13,'-0.33
2248,PLA15a,SDSSJ1204+1201,SDSS_J120441.38+120111.5,'-4.34,<-2.89
2253,AOK13,SDSSJ124123.92-083725.5,SDSS_J124123.92-083725.5,'-2.73,'-2.23
2254,AOK13,SDSSJ124204.42-033618.1,SDSS_J124204.42-033618.1,'-2.77,'-2.13
2255,AOK13,SDSSJ124502.68-073847.1,SDSS_J124502.68-073847.0,'-3.16,'-0.63
2262,FRE15,SD1313-0019,SDSS_J131326.89-001941.3,'-5.0,'-2.04
2263,PLA15a,SDSSJ1322+0123,SDSS_J132250.59+012342.9,'-3.64,'-3.15
2269,SUS16,SDSSJ1343+4844,SDSS_J134338.67+484426.6,'-3.42,'-2.91
2270,JI16a,J135756.2+125207.7,SDSS_J135756.18+125207.5,'-2.92,'-2.52
2274,AOK13,SDSSJ142237.43+003105.2,SDSS_J142237.42+003105.2,'-3.03,'-1.33
2300,AOK13,SDSSJ161226.18+042146.6,SDSS_J161226.18+042146.6,'-2.86,'-2.23
2301,AOK13,SDSSJ161313.53+530909.7,SDSS_J161313.53+530909.7,'-3.32,'-1.23
2302,CAF13,SDSSJ161956.33+170539.9,SDSS_J161956.33+170539.9,'-3.57,'-1.23
2304,AOK13,SDSSJ162603.61+145844.3,SDSS_J162603.61+145844.2,'-2.99,'-0.13
2307,FRA16,SDSS_J163104.50+124614.5,SDSS_J163104.50+124614.5,'-2.53,'-2.8
2311,AOK13,SDSSJ164610.19+282422.2,SDSS_J164610.19+282422.2,'-3.05,'-0.53
2314,AOK13,SDSSJ170339.60+283649.9,SDSS_J170339.59+283650.1,'-3.23,'-3.03
2315,AOK10,SDSSJ170339.60+283649.9,SDSS_J170339.59+283650.1,'-3.21,'-2.93
2317,AOK13,SDSSJ173417.89+431606.5,SDSS_J173417.89+431606.5,'-2.51,'-0.73
2320,AOK13,SDSSJ174624.13+245548.8,SDSS_J174624.13+245548.8,'-3.17,'-1.93
2322,AOK13,SDSSJ183601.71+631727.4,SDSS_J183601.71+631727.4,'-2.85,'-0.83
2325,SPI13,SDSSJ205252.68+010939.3,SDSS_J205252.68+010939.3,'-3.94,'-1.33
2331,AOK13,SDSSJ220646.20-092545.7,SDSS_J220646.20-092545.7,'-3.17,'-2.53
2344,AOK13,SDSSJ235718.91-005247.8,SDSS_J235718.91-005247.7,'-3.36,'-2.93
2345,AOK10,SDSSJ235718.91-005247.8,SDSS_J235718.91-005247.7,'-3.2,'-2.63
2346,JAC15,SMSS_J000113.96-363337.9,SMSS_J000113.96-363337.9,'-2.32,'-2.65
2347,JAC15,SMSS_J001039.86-525851.4,SMSS_J001039.86-525851.4,'-2.32,'-2.55
2348,JAC15,SMSS_J001952.15-525803.0,SMSS_J001952.15-525803.0,'-2.56,'-2.81
2349,JAC15,SMSS_J002148.06-471132.1,SMSS_J002148.06-471132.1,'-3.17,'-2.88
2350,JAC15,SMSS_J003055.81-482011.3,SMSS_J003055.81-482011.3,'-2.53,'-2.48
2351,JAC15,SMSS_J003327.36-491037.9,SMSS_J003327.36-491037.9,'-3.36,<-3.76
2352,JAC15,SMSS_J004037.56-515025.2,SMSS_J004037.56-515025.2,'-3.83,'-3.92
2353,JAC15,SMSS_J005953.98-594329.9,SMSS_J005953.98-594329.9,'-3.93,'-2.73
2354,JAC15,SMSS_J010332.63-534654.3,SMSS_J010332.63-534654.3,'-3.03,'-2.84
2355,JAC15,SMSS_J010651.91-524410.5,SMSS_J010651.91-524410.5,'-3.79,'-3.66
2356,JAC15,SMSS_J010839.58-285701.5,SMSS_J010839.58-285701.5,'-3.02,'-2.81
2358,JAC15,SMSS_J014624.60-352457.7,SMSS_J014624.60-352457.7,'-2.81,'-3.08
2359,JAC15,SMSS_J015350.94-775525.6,SMSS_J015350.94-775525.6,'-2.62,'-3.14
2360,JAC15,SMSS_J015941.53-781408.7,SMSS_J015941.53-781408.7,'-3.11,'-2.92
2361,JAC15,SMSS_J020748.93-465616.4,SMSS_J020748.93-465616.4,'-2.71,'-3.25
2362,JAC15,SMSS_J021323.26-495936.5,SMSS_J021323.26-495936.5,'-2.87,'-3.4
2363,JAC15,SMSS_J022410.38-534659.9,SMSS_J022410.38-534659.9,'-3.4,'-3.37
2364,JAC15,SMSS_J022423.27-573705.1,SMSS_J022423.27-573705.1,'-3.97,'-3.9
2365,JAC15,SMSS_J022452.58-731051.8,SMSS_J022452.58-731051.8,'-2.55,'-2.43
2366,JAC15,SMSS_J022545.31-774119.9,SMSS_J022545.31-774119.9,'-2.63,'-2.25
2367,JAC15,SMSS_J022756.48-684256.6,SMSS_J022756.48-684256.6,'-2.22,'-1.98
2368,JAC15,SMSS_J023139.43-523957.4,SMSS_J023139.43-523957.4,'-2.94,'-2.54
2369,JAC15,SMSS_J023147.96-575341.7,SMSS_J023147.96-575341.7,'-3.42,'-3.07
2370,JAC15,SMSS_J024643.28-352502.4,SMSS_J024643.28-352502.4,'-3.37,'-3.35
2371,JAC15,SMSS_J024858.41-684306.4,SMSS_J024858.41-684306.4,'-3.71,'-3.05
2372,JAC15,SMSS_J031556.09-473442.1,SMSS_J031556.09-473442.1,'-3.26,'-3.07
2373,JAC15,SMSS_J032132.29-363123.6,SMSS_J032132.29-363123.6,'-3.4,'-3.53
2374,JAC15,SMSS_J033005.90-681352.5,SMSS_J033005.90-681352.5,'-3.44,'-2.79
2375,JAC15,SMSS_J034249.53-284216.0,SMSS_J034249.53-284216.0,'-2.33,'-2.83
2376,JAC15,SMSS_J040148.04-743537.3,SMSS_J040148.04-743537.3,'-3.09,'-2.74
2377,JAC15,SMSS_J041957.56-493818.3,SMSS_J041957.56-493818.3,'-2.97,'-3.23
2378,JAC15,SMSS_J051008.62-372019.8,SMSS_J051008.62-372019.8,'-3.2,'-2.64
2379,JAC15,SMSS_J055746.51-575057.4,SMSS_J055746.51-575057.4,'-2.5,'-1.99
2380,JAC15,SMSS_J061725.30-600740.6,SMSS_J061725.30-600740.6,'-2.72,'-2.5
2381,JAC15,SMSS_J062609.83-590503.2,SMSS_J062609.83-590503.2,'-2.77,'-2.5
2382,JAC15,SMSS_J063447.15-622355.0,SMSS_J063447.15-622355.0,'-3.41,'-3.33
2383,JAC15,SMSS_J064349.43-653038.6,SMSS_J064349.43-653038.6,'-2.48,'-2.55
2384,JAC15,SMSS_J065014.40-614328.0,SMSS_J065014.40-614328.0,'-3.18,'-3.36
2385,JAC15,SMSS_J070257.95-600422.4,SMSS_J070257.95-600422.4,'-2.62,'-2.2
2386,JAC15,SMSS_J080050.54-724620.6,SMSS_J080050.54-724620.6,'-2.08,'-2.45
2387,JAC15,SMSS_J085924.06-120104.9,SMSS_J085924.06-120104.9,'-3.63,'-3.83
2388,JAC15,SMSS_J090247.43-122755.0,SMSS_J090247.43-122755.0,'-2.4,'-2.2
2389,JAC15,SMSS_J091210.40-064427.9,SMSS_J091210.40-064427.9,'-2.64,'-2.38
2390,JAC15,SMSS_J093209.41-003435.8,SMSS_J093209.41-003435.8,'-3.11,'-2.9
2391,JAC15,SMSS_J093829.27-070520.9,SMSS_J093829.27-070520.9,'-2.34,'-1.98
2392,JAC15,SMSS_J094029.05-060935.0,SMSS_J094029.05-060935.0,'-3.18,'-3.31
2393,JAC15,SMSS_J094755.04-102724.7,SMSS_J094755.04-102724.7,'-2.99,'-2.81
2395,JAC15,SMSS_J100251.13-000152.1,SMSS_J100251.13-000152.1,'-2.62,'-2.28
2398,JAC15,SMSS_J110850.60-080034.7,SMSS_J110850.60-080034.7,'-2.9,<-2.75
2399,JAC15,SMSS_J121353.63-441911.2,SMSS_J121353.63-441911.2,'-2.59,'-2.31
2400,JAC15,SMSS_J121716.48-442510.2,SMSS_J121716.48-442510.2,'-2.1,'-2.29
2401,JAC15,SMSS_J122455.61-151134.0,SMSS_J122455.61-151134.0,'-2.62,'-2.48
2402,JAC15,SMSS_J123158.00-162317.6,SMSS_J123158.00-162317.6,'-2.63,'-2.01
2403,JAC15,SMSS_J123246.06-054559.1,SMSS_J123246.06-054559.1,'-3.03,'-2.85
2404,JAC15,SMSS_J125115.37-331448.1,SMSS_J125115.37-331448.1,'-2.64,'-2.48
2405,JAC15,SMSS_J125125.64-340343.4,SMSS_J125125.64-340343.4,'-2.52,'-2.43
2406,JAC15,SMSS_J125451.18-334440.3,SMSS_J125451.18-334440.3,'-2.81,'-2.88
2407,JAC15,SMSS_J125804.65-335045.1,SMSS_J125804.65-335045.1,'-3.44,'-2.83
2408,JAC15,SMSS_J130537.01-294438.3,SMSS_J130537.01-294438.3,'-2.35,'-2.53
2409,JAC15,SMSS_J133013.61-434632.4,SMSS_J133013.61-434632.4,'-2.54,'-2.86
2410,JAC15,SMSS_J133532.32-210632.9,SMSS_J133532.32-210632.9,'-2.73,'-3.23
2411,JAC15,SMSS_J135217.78-151405.7,SMSS_J135217.78-151405.7,'-2.56,'-2.33
2412,JAC15,SMSS_J135625.09-161538.7,SMSS_J135625.09-161538.7,'-2.76,'-2.58
2413,JAC15,SMSS_J135819.95-150937.4,SMSS_J135819.95-150937.4,'-2.58,'-2.35
2414,JAC15,SMSS_J141547.72-414034.0,SMSS_J141547.72-414034.0,'-2.26,'-2.13
2415,JAC15,SMSS_J143511.34-420326.5,SMSS_J143511.34-420326.5,'-3.15,'-2.88
2416,JAC15,SMSS_J151101.05-182103.0,SMSS_J151101.05-182103.0,'-2.71,'-2.67
2417,JAC15,SMSS_J151450.18-182946.0,SMSS_J151450.18-182946.0,'-2.73,'-3.08
2418,JAC15,SMSS_J155430.57-263904.8,SMSS_J155430.57-263904.8,'-2.61,'-2.87
2419,JAC15,SMSS_J155628.74-165533.4,SMSS_J155628.74-165533.4,'-2.79,'-2.43
2420,JAC15,SMSS_J160447.75-293146.7,SMSS_J160447.75-293146.7,'-2.66,'-2.4
2421,JAC15,SMSS_J164921.94-041943.9,SMSS_J164921.94-041943.9,'-2.24,'-2.49
2422,JAC15,SMSS_J165023.82-252948.7,SMSS_J165023.82-252948.7,'-2.48,'-2.93
2423,JAC15,SMSS_J165219.76-253133.7,SMSS_J165219.76-253133.7,'-2.2,'-1.93
2424,JAC15,SMSS_J173823.36-145701.0,SMSS_J173823.36-145701.0,'-3.58,'-2.98
2425,HOW15,J173823.38-145701.1,SMSS_J173823.38-145701.1,'-3.36,'-2.87
2426,JAC15,SMSS_J174048.48-143635.6,SMSS_J174048.48-143635.6,'-2.5,'-2.61
2427,JAC15,SMSS_J174916.38-455427.5,SMSS_J174916.38-455427.5,'-2.51,'-2.21
2428,JAC15,SMSS_J174922.26-455103.8,SMSS_J174922.26-455103.8,'-2.77,'-2.22
2429,HOW15,J175021.86-414627.1,SMSS_J175021.86-414627.1,'-2.6,'-2.37
2430,JAC15,SMSS_J175021.86-414627.2,SMSS_J175021.86-414627.2,'-2.76,'-2.4
2431,JAC15,SMSS_J175046.30-425506.9,SMSS_J175046.30-425506.9,'-2.17,'-2.29
2432,HOW15,J175433.19-411048.9,SMSS_J175433.19-411048.9,'-3.26,'-3.02
2433,HOW15,J175455.52-380339.3,SMSS_J175455.52-380339.3,'-3.36,'-4.0
2435,HOW15,J175544.54-392700.9,SMSS_J175544.54-392700.9,'-2.65,'-2.53
2436,HOW15,J175636.59-403545.9,SMSS_J175636.59-403545.9,'-3.21,'-2.56
2438,HOW15,J175722.68-411731.8,SMSS_J175722.68-411731.8,'-2.88,'-2.46
2439,JAC15,SMSS_J175738.37-454823.5,SMSS_J175738.37-454823.5,'-2.46,'-2.89
2440,HOW15,J175746.58-384750.0,SMSS_J175746.58-384750.0,'-2.81,'-2.85
2441,HOW15,J181219.68-343726.4,SMSS_J181219.68-343726.4,'-2.5,'-2.31
2442,HOW15,J181317.69-343801.9,SMSS_J181317.69-343801.9,'-2.28,'-2.11
2443,HOW15,J181406.68-313106.1,SMSS_J181406.68-313106.1,'-2.82,'-3.33
2444,HOW15,J181505.16-385514.9,SMSS_J181505.16-385514.9,'-3.29,'-3.06
2446,HOW15,J181634.60-340342.5,SMSS_J181634.60-340342.5,'-2.46,'-2.56
2447,HOW15,J181736.59-391303.3,SMSS_J181736.59-391303.3,'-2.59,'-2.87
2448,HOW15,J181921.64-381429.0,SMSS_J181921.64-381429.0,'-2.72,'-2.4
2449,HOW15,J182048.26-273329.2,SMSS_J182048.26-273329.2,'-3.48,'-2.5
2451,HOW16,J182600.09-332531.0,SMSS_J182600.09-332531.0,'-2.53,'-2.94
2452,HOW16,J182601.24-332358.3,SMSS_J182601.24-332358.3,'-2.83,'-2.51
2454,HOW16,J182753.81-334607.7,SMSS_J182753.81-334607.7,'-2.31,'-2.72
2455,HOW16,J182922.48-335559.4,SMSS_J182922.48-335559.4,'-2.77,'-2.77
2457,HOW16,J182948.48-341053.9,SMSS_J182948.48-341053.9,'-2.47,'-1.79
2458,HOW16,J183000.36-333919.3,SMSS_J183000.36-333919.3,'-2.63,'-2.59
2461,JAC15,SMSS_J183246.49-343434.2,SMSS_J183246.49-343434.2,'-3.0,'-3.33
2463,HOW15,J183647.89-274333.1,SMSS_J183647.89-274333.1,'-2.48,'-2.95
2464,HOW15,J183719.09-262725.0,SMSS_J183719.09-262725.0,'-3.18,'-2.78
2465,HOW15,J183744.90-280831.1,SMSS_J183744.90-280831.1,'-2.92,'-3.12
2466,JAC15,SMSS_J183753.10-380725.9,SMSS_J183753.10-380725.9,'-2.99,'-3.35
2467,HOW15,J183812.72-270746.3,SMSS_J183812.72-270746.3,'-3.22,'-3.0
2468,HOW15,J184201.19-302159.6,SMSS_J184201.19-302159.6,'-2.84,'-2.5
2469,JAC15,SMSS_J184226.25-272602.7,SMSS_J184226.25-272602.7,'-3.89,<-4.18
2470,HOW15,J184656.07-292351.5,SMSS_J184656.07-292351.5,'-2.76,'-2.68
2471,JAC15,SMSS_J184825.29-305929.7,SMSS_J184825.29-305929.7,'-3.65,'-3.4
2472,JAC15,SMSS_J185628.44-231809.8,SMSS_J185628.44-231809.8,'-2.99,'-3.78
2473,JAC15,SMSS_J190549.33-214945.0,SMSS_J190549.33-214945.0,'-3.11,'-2.76
2474,JAC15,SMSS_J190911.03-213207.5,SMSS_J190911.03-213207.5,'-2.4,'-2.96
2475,JAC15,SMSS_J190931.13-214053.9,SMSS_J190931.13-214053.9,'-3.33,'-3.68
2476,JAC15,SMSS_J191802.51-851523.0,SMSS_J191802.51-851523.0,'-2.62,'-2.6
2477,JAC15,SMSS_J193528.46-462129.6,SMSS_J193528.46-462129.6,'-3.39,<-3.65
2479,JAC15,SMSS_J194432.13-720537.1,SMSS_J194432.13-720537.1,'-2.43,'-2.39
2480,JAC15,SMSS_J195614.75-320145.9,SMSS_J195614.75-320145.9,'-2.31,'-2.63
2481,JAC15,SMSS_J195931.70-643529.3,SMSS_J195931.70-643529.3,'-2.58,'-3.03
2482,JAC15,SMSS_J200228.85-533114.4,SMSS_J200228.85-533114.4,'-3.22,'-3.68
2483,JAC15,SMSS_J200654.42-321157.7,SMSS_J200654.42-321157.7,'-3.25,'-2.58
2484,JAC15,SMSS_J202057.49-522417.2,SMSS_J202057.49-522417.2,'-3.12,<-3.35
2485,JAC15,SMSS_J202123.89-515742.8,SMSS_J202123.89-515742.8,'-2.61,'-2.82
2486,JAC15,SMSS_J205313.80-651830.6,SMSS_J205313.80-651830.6,'-2.62,'-2.53
2488,JAC15,SMSS_J211340.44-520017.5,SMSS_J211340.44-520017.5,'-2.4,'-2.43
2489,JAC15,SMSS_J215805.81-651327.2,SMSS_J215805.81-651327.2,'-3.41,'-3.03
2490,JAC15,SMSS_J221448.33-453949.9,SMSS_J221448.33-453949.9,'-2.56,'-3.23
2491,JAC15,SMSS_J224838.41-550635.1,SMSS_J224838.41-550635.1,'-2.87,'-3.43
2492,JAC15,SMSS_J224843.95-543610.1,SMSS_J224843.95-543610.1,'-2.38,'-2.58
2493,JAC15,SMSS_J225851.25-265434.9,SMSS_J225851.25-265434.9,'-3.48,'-3.13
2494,JAC15,SMSS_J230013.16-263511.0,SMSS_J230013.16-263511.0,'-3.35,'-3.9
2495,JAC15,SMSS_J230113.95-291458.2,SMSS_J230113.95-291458.2,'-2.53,'-2.65
2498,LAI07,BS16085-050,TYC_1448-282-1,'-2.88,'-3.55
2499,ALL12,BS16077-077,TYC_1987-753-1,'-2.05,0.34
2500,HON04,BS17583-100,TYC_2197-1168-1,'-2.41,'-1.76
2501,LI15a,LAMOSTJ0102+0428,TYC_22-581-1,'-2.75,'-3.68
2502,HOL15,HE0414-0343,TYC_4729-1290-1,'-2.24,'-0.8
2503,BAR05,HE0926-0508,TYC_4889-826-1,'-2.78,'-2.2
2504,REN12,HE0926-0508,TYC_4889-826-1,'-2.78,'-2.04
2506,BAR05,HE1120-0153,TYC_4923-62-1,'-2.76,'-2.17
2507,HOL11,HE1116-0634,TYC_4928-1438-1,'-3.73,'-3.65
2508,HOL11,HE1317-0407,TYC_4961-1053-1,'-3.1,'-3.62
2510,AOK05,CS30329-004,TYC_5030-1015-1,'-2.75,'-3.03
2513,AOK07a,CS22174-007,TYC_5273-836-1,'-2.24,'-1.83
2515,FRE07b,HE1523-0901,TYC_5594-576-1,'-3.0,'-3.29
2516,LI15a,LAMOSTJ0326+0202,TYC_57-1052-1,'-3.36,'-3.28
2517,HOL11,HE2148-1105a,TYC_5793-10-1,'-2.98,'-3.4
2518,HOL11,HE2253-0849,TYC_5813-540-1,'-2.88,'-3.65
2519,LAI07,CS31060-043,TYC_5841-127-1,'-2.06,'-1.88
2529,HAN15,HE0440-3426,TYC_7042-1098-1,'-2.19,'-0.68
2536,HAN15,HE0448-4806,TYC_8080-239-1,'-2.26,'-0.02
2538,ROE14b,CS22943-095,TYC_8406-355-1,'-2.52,'-2.07
2546,BON09,CS29527-015,UCAC2_24258051,'-3.55,'-2.25
2550,BON09,CS22953-037,UCAC2_5736774,'-2.89,'-2.4
2551,ROE14b,CS22953-037,UCAC2_5736774,'-3.21,'-2.21
2554,CAF11a,SDSSJ102915.14+172927.9,UCAC3_215-112497,'-4.73,<-3.68
2555,AOK13,SDSSJ071105.43+670228.2,UCAC3_315-38909,'-2.91,'-0.93
2556,COH13,HE0009-6039,UCAC4_149-000191,'-3.29,'-3.01
2557,COH13,HE0411-5725,UCAC4_164-003972,'-3.08,'-2.61
2558,COH13,HE0533-5340,UCAC4_182-005827,'-2.67,'-2.61
2559,COH13,HE0312-5200,UCAC4_191-003009,'-3.11,'-2.73
2560,COH13,HE2339-5105,UCAC4_196-198545,'-2.88,'-2.37
2561,COH13,HE2122-4707,UCAC4_216-194807,'-2.42,'-0.7
2562,COH13,HE0017-4346,UCAC4_233-000355,'-3.07,'-0.05
2563,BAR05,HE0039-4154,UCAC4_242-000737,'-3.36,'-3.54
2564,COH13,HE0039-4154,UCAC4_242-000737,'-3.18,'-3.0
2565,REN12,HE0039-4154,UCAC4_242-000737,'-3.38,'-3.4
2566,COH13,HE2217-4053,UCAC4_247-183622,'-3.37,'-3.07
2567,COH13,HE2204-4034,UCAC4_249-182937,'-2.98,'-1.86
2569,COH13,HE0401-3835,UCAC4_258-004182,'-3.05,'-2.15
2570,COH13,HE2155-3750,UCAC4_262-193743,'-2.59,'-0.77
2571,COH13,HE2203-3723,UCAC4_265-194871,'-3.3,<-2.84
2573,COH13,HE0251-3216,UCAC4_290-002911,'-3.15,'-0.71
2574,COH13,HE1111-3026,UCAC4_297-066269,'-2.0,'-0.91
2578,COH13,HE1405-2512,UCAC4_323-073878,'-2.8,'-2.16
2580,COH13,HE0134-2504,UCAC4_326-001613,'-2.74,'-0.83
2582,COH08,HE0132-2429,UCAC4_328-001740,'-3.6,'-2.77
2584,COH13,HE0445-2339,UCAC4_333-006071,'-2.84,<-3.29
2586,COH13,HE0055-2314,UCAC4_336-001090,'-2.65,'-1.81
2595,COH13,HE2244-2116,UCAC4_345-203570,'-2.35,'-2.01
2598,COH13,HE2200-1946,UCAC4_353-193066,'-2.63,'-2.41
2599,COH13,HE0447-1858,UCAC4_356-006281,'-2.56,'-2.27
2601,COH13,HE1432-1819,UCAC4_358-070119,'-2.56,'-1.61
2602,COH13,HE0130-1749,UCAC4_363-001823,'-3.34,'-2.82
2603,COH13,HE1133-1641,UCAC4_366-058908,'-2.82,'-1.61
2604,COH13,HE2249-1704,UCAC4_366-186448,'-2.95,'-3.18
2605,BAR05,HE1500-1628,UCAC4_367-066503,'-2.31,'-2.22
2606,COH13,HE1500-1628,UCAC4_367-066503,'-2.38,'-2.27
2607,COH13,HE0122-1616,UCAC4_370-001640,'-2.8,'-2.47
2610,BAR05,HE2314-1554,UCAC4_372-181197,'-3.27,'-2.72
2611,COH13,HE2314-1554,UCAC4_372-181197,'-3.28,'-2.59
2612,COH13,HE1439-1420,UCAC4_378-069857,'-2.97,'-1.01
2616,COH13,HE1258-1317,UCAC4_383-063743,'-2.9,'-2.61
2619,COH13,HE1226-1149,UCAC4_390-057146,'-2.91,'-2.37
2621,COH08,HE1347-1025,UCAC4_397-054981,'-3.53,'-3.17
2622,COH13,HE1347-1025,UCAC4_397-054981,'-3.48,'-3.21
2623,COH13,HE1416-1032,UCAC4_397-056022,'-3.2,<-3.51
2624,COH13,HE0332-1007,UCAC4_401-004347,'-2.9,'-3.42
2625,COH13,HE0255-0859,UCAC4_407-003501,'-2.55,'-2.61
2626,COH13,HE1422-0818,UCAC4_408-060306,'-3.29,'-3.31
2627,COH13,HE2251-0821,UCAC4_410-143653,'-2.91,'-1.03
2629,COH13,HE2357-0701,UCAC4_417-000002,'-3.17,'-2.79
2630,COH08,HE1356-0622,UCAC4_417-057553,'-3.54,<-3.37
2631,COH13,HE1356-0622,UCAC4_417-057553,'-3.48,'-3.41
2633,COH13,HE1141-0610,UCAC4_418-054821,'-2.28,'-1.27
2635,COH13,HE0102-0633,UCAC4_419-001309,'-3.1,'-2.11
2636,COH13,HE0048-0611,UCAC4_421-001046,'-2.66,'-2.17
2637,COH13,HE0926-0546,UCAC4_421-051446,'-3.73,<-3.11
2638,COH13,HE0317-0554,UCAC4_422-004173,'-2.75,'-2.23
2639,COH13,HE1159-0525,UCAC4_422-055048,'-2.91,'-0.97
2642,YON13,HE1346-0427,UCAC4_427-057119,'-3.57,<-2.47
2643,COH13,HE0103-0357,UCAC4_432-001351,'-3.15,'-2.51
2644,COH13,HE0037-0348,UCAC4_433-000850,'-3.15,'-2.91
2645,COH07,HE1424-0241,UCAC4_436-059543,'-4.01,<-3.17
2646,COH08,HE1424-0241,UCAC4_436-059543,'-4.01,<-3.17
2647,COH13,HE0344-0243,UCAC4_438-005131,'-3.35,'-3.32
2648,COH13,HE1439-0218,UCAC4_438-059829,'-2.65,'-1.87
2649,COH13,HE1446-0140,UCAC4_441-059100,'-2.38,'-2.12
2650,COH13,HE1357-0123,UCAC4_442-057223,'-3.8,'-3.97
2651,COH13,HE1338-0052,UCAC4_445-056878,'-3.01,'-1.57
2652,COH13,HE0349-0045,UCAC4_447-005241,'-2.23,'-1.96
2653,COH13,HE0011-0035,UCAC4_449-000303,'-2.99,'-2.87
2654,COH06,HE1410-0004,UCAC4_449-055625,'-3.07,'-0.87
2655,COH13,HE1410-0004,UCAC4_449-055625,'-3.02,'-0.91
2658,COH13,HE0226+0103,UCAC4_457-003214,'-2.81,'-2.65
2659,COH06,HE0336+0113,UCAC4_457-004973,'-2.73,'-0.27
2660,COH13,HE0336+0113,UCAC4_457-004973,'-2.68,'-0.31
2661,COH13,HE1320+0139,UCAC4_457-051441,'-3.38,'-2.91
2662,BAR05,HE1300+0157,UCAC4_459-050836,'-3.74,'-2.61
2663,COH08,HE1300+0157,UCAC4_459-050836,'-3.44,'-2.0
2664,COH13,HE1300+0157,UCAC4_459-050836,'-3.49,'-2.24
2665,FRE07a,HE1300+0157,UCAC4_459-050836,'-3.78,'-2.54
2668,COH13,HE1045+0226,UCAC4_461-048651,'-2.2,'-1.11
2669,COH13,HE1456+0230,UCAC4_462-052904,'-3.32,'-1.06
2670,COH13,HE2236+0204,UCAC4_462-125965,'-2.86,'-2.32
2673,CAY04,BS16467-062,UCAC4_540-054307,'-3.83,'-3.43
2674,COH08,BS16467-062,UCAC4_540-054307,'-3.52,'-2.83
2675,COH13,BS16467-062,UCAC4_540-054307,'-3.46,'-2.87
2676,LAI07,BS16467-062,UCAC4_540-054307,'-3.79,'-3.36
2677,LAI08,BS16467-062,UCAC4_540-054307,'-3.74,'-3.18
2679,COH13,BS16550-087,UCAC4_541-054640,'-3.39,'-3.52
2680,LAI07,BS16550-087,UCAC4_541-054640,'-3.1,'-3.62
2681,LAI08,BS16550-087,UCAC4_541-054640,'-3.52,'-3.93
2686,LAI08,BS16545-089,UCAC4_635-047506,'-3.43,<-1.73
2687,YON13,BS16545-089,UCAC4_635-047506,'-3.44,<-1.67
2689,LI15a,LAMOSTJ0257-0022,US_3404,'-2.24,'-1.48
2694,LI13,HD3008,V*_CM_Cet,'-2.06,'-2.97
2695,ROE14b,CS22886-013,V*_FV_Aqr,'-2.58,<-1.03
2708,KEN14,v370Vir,V*_V370_Vir,'-2.11,'-0.63
2709,ROE14b,CS30312-062,V*_V456_Ser,'-2.64,<-0.93
2710,KEN14,V*WYVir,V*_WY_Vir,'-2.65,'-1.18
2711,KEN14,V*ZZVir,V*_ZZ_Vir,'-2.36,'-0.53
2713,ROE14b,G15-10,Wolf_1137,'-2.53,'-2.34
2714,ROE14b,G188-30,Wolf_1143,'-2.05,'-2.36
2715,AOK06,G64-12,Wolf_1492,'-3.25,'-2.75
2718,BAR05,G64-12,Wolf_1492,'-3.44,'-2.77
2728,ROE14b,G64-12,Wolf_1492,'-3.58,<-2.48
2731,ROE14b,G199-66,Wolf_481,'-2.14,'-2.11
2734,ROE14b,G16-25,Wolf_624,'-2.08,'-2.44
